id,predicted_price
2591820310,359708.72
7974200820,855465.25
7701450110,1125322.8
9522300010,1928070.1
9510861140,689831.0
1761300310,250902.61
7732410120,808186.6
7010701383,627517.44
291310170,419855.8
4232901990,551780.4
6840701125,639813.56
3971700580,413413.56
4202400078,253627.88
6064800090,368538.7
2626119028,236665.39
3303980660,1022087.3
862000020,746613.25
2386000070,920955.1
1138000450,366825.75
1775800420,460464.1
2291401425,420335.0
2025770560,847804.75
3525069037,662432.9
9324800450,567875.7
8080400136,542348.4
8651540040,511054.12
9407001790,237337.14
1773101530,213546.6
9432900250,352521.28
1794500695,642746.06
2220069003,342540.56
923000120,482273.8
5728000060,545488.75
16000200,239164.39
1926059094,446872.88
6672900220,1026866.9
3629860060,813464.1
1822069109,416761.72
6675500105,371985.0
249000180,2094232.1
226059065,452346.66
396100110,265215.62
9264450460,327992.0
7853361210,389599.88
9474700020,281555.4
421000455,250514.8
3755200220,434568.84
7960100075,484207.1
9477100490,425567.28
9138100350,759228.25
1624049275,474867.03
2770606890,484651.53
1157200189,425194.47
2770601800,524586.4
9301300805,535850.94
2325069032,1064944.5
1021079099,343954.7
7215730040,745116.7
1853200080,487834.94
3224600340,693388.06
3222049120,423813.97
2113700025,293465.72
7893207925,205155.28
3586501085,551949.3
8024200010,348733.75
7116500705,170421.8
1598600209,290578.3
7204200025,843469.25
4206901505,568793.8
2937300440,921557.8
7205000180,322731.44
8718500665,357486.5
5318101765,885374.0
4122700020,938848.0
8078700020,503843.53
3303980680,906602.6
8924100372,1219032.5
2781270210,210450.89
519000043,512980.47
3225069301,1460043.2
151000075,729645.6
2297400020,437742.53
6617500085,707152.94
104510180,238756.69
3528900060,1012164.25
3345100286,511239.38
1226039130,427872.66
8712100720,774192.4
3037200010,418930.3
3626039268,399506.7
104510230,241980.12
5112800060,402437.75
6072400280,629707.4
5317100570,1160854.0
9528102993,536376.06
2919201095,505291.44
6181400920,271891.12
185000161,242456.22
8691400010,763383.4
3345700165,532846.4
6151800486,217472.88
4340000080,1327441.1
4136960010,533018.2
3634100030,324908.0
1624059224,1057839.8
2788400090,253306.62
9828200762,446310.7
7524400250,587636.2
3528000290,712011.75
5700003630,2020985.6
2720069019,268353.7
7227501170,224306.7
2397101270,603752.1
6792100090,736272.9
2770602265,538973.7
3971700937,277852.22
422049203,231183.47
3076500830,256207.25
1423400260,291830.25
9161100795,477935.12
3126049052,506028.28
5100401468,394148.38
514500235,455859.25
1423200170,184198.3
1402100070,385479.0
624110020,694146.94
2407000145,201544.39
1890000225,812825.2
1320069271,329295.5
5490700085,347479.5
263000155,428861.7
3726800201,427866.12
5153200358,298133.2
2725079018,765880.2
7165700200,249438.2
9429000170,609585.8
8718500075,366743.9
1760650950,322734.5
1068000559,1156138.5
4113800500,652608.9
4077800507,530000.2
2725069150,718413.0
4008400035,638683.94
7016310270,429300.38
1432701230,217729.58
3278606050,366155.75
2473350710,378965.25
2185000685,164329.66
7792000025,394507.5
6868200029,481226.3
624069003,769135.94
7431500280,880913.56
3296000040,551411.6
1118001215,1640186.0
6453900040,715226.7
333100209,723660.3
34001765,614540.3
8946700100,364090.88
5561401210,544417.6
6671900095,351586.25
3275850020,729447.4
3876300600,408662.22
1450900020,265838.8
8562780280,313254.28
7663700973,324312.7
2126049032,353385.34
1823059159,173960.19
3438503426,279067.94
9297301495,535407.06
7140700850,388895.3
7942601805,669397.6
2555900030,352859.3
2887970040,283816.44
7419700010,636218.8
2239000011,369285.94
9283800050,329695.8
9407001340,269004.78
217500140,536121.4
7212660520,262128.77
3298201170,340841.84
3057000400,279978.56
6865200444,478243.34
6071600340,479250.06
6821600005,777148.4
1235100371,729308.94
7796450340,334966.38
3603000410,168614.06
9297300255,505337.22
9126100850,512352.22
2770601462,547277.56
2599001500,214306.56
1102000095,778349.25
1853080640,906965.9
9551201585,999048.8
3438500796,368243.22
7518504291,528411.44
9269200340,440783.44
715010130,1490458.2
1982201485,617042.06
9526500080,396995.8
9277200180,522950.47
6669150280,300245.78
8917100153,594069.94
3760500516,1062368.0
2725069050,965427.06
3332000091,320704.62
8562770080,585053.9
8151601190,243108.92
8563040160,582733.5
240000269,607103.9
4307350200,325454.12
1311910300,264580.53
3574900030,536218.0
7853230570,426302.9
320069049,349602.2
9839301060,673430.25
7011201333,637794.0
2781320100,277592.12
3421069120,451341.75
7852030320,450580.97
5316101075,2324614.5
5309100750,553426.75
629000730,692358.56
511700170,313012.7
1562100030,539879.6
2489200230,614147.75
524069116,500045.6
5315100737,989073.0
1868900675,843028.5
1608000120,333870.22
705700240,344552.53
7575600610,275711.22
1778500015,650154.5
5423500240,196959.55
6713700025,337405.9
2734100734,294352.56
301402280,213026.69
2113700205,266785.12
4114601570,3192522.2
3332000615,297050.47
3630050180,357623.94
6852700520,551069.94
6870310010,629516.44
6163900981,306933.56
393000142,390544.0
1771100130,359890.94
1442860160,376484.0
9191200435,580198.2
6788200800,1012026.2
1115300070,669284.0
3176600105,711283.5
2770604665,577994.06
5469500580,413979.72
5680000545,487491.25
3424089119,536330.0
1328300180,324931.84
1773100922,344033.44
4123830480,323455.53
9808610190,1001029.7
4250200140,270747.47
4217402115,3859134.0
3831250350,375536.97
2397101055,824511.94
6817850110,833195.8
7526800200,597033.56
7853370100,674988.2
2523089025,857143.4
9476200680,277032.25
5714200140,405765.12
3575304895,550692.2
263000018,416204.88
8080400177,532087.25
6450304130,315778.9
514500090,549250.9
9477000300,426107.8
853600310,1281914.0
1951600240,204226.48
1099900120,335364.3
5323100120,525203.56
1223089016,422216.8
522059172,247690.44
1930300190,689861.94
9542840410,299360.88
8665050530,507155.4
5592900205,378649.16
5450300010,587386.25
2459960030,320354.3
3331500455,503831.03
3432500705,391075.12
3702900165,298881.9
5249803550,551938.8
626049058,438957.78
1788900380,184778.56
8075400360,217942.53
9113200250,762348.9
2738640040,717395.6
7821200307,469176.22
3530440140,255559.6
3582700130,462186.5
9276200569,724205.06
7197800020,615261.56
686200490,539265.25
3501600100,395446.94
6383000690,574794.3
7604400150,372264.3
5249801411,769718.56
2607720420,428454.12
9561100010,382135.38
1796370590,263453.53
4077800593,375804.25
854000165,244188.23
5536100010,787912.56
4188000670,794700.6
31000165,1405168.1
662350050,905976.9
4137000280,267475.78
6169901130,1107267.9
1953400510,244655.38
7518506716,1055015.8
1552520010,378410.53
7955080270,310077.8
9212900100,586801.75
3438500798,335923.84
7899800890,232291.12
4319200605,452765.72
1329300480,371991.38
8935100100,812024.0
5016001260,418655.94
4337600280,296078.4
1446401220,188197.44
7135521530,635635.4
6888900115,276397.56
2413301070,298386.06
345700040,252321.23
5566100145,445861.88
7634800070,363855.5
9346910500,648130.1
3529300060,304566.47
8128600060,1080359.2
8572900275,191845.47
4139420590,1438477.0
9274200322,627580.9
1472700200,536871.44
8820903380,528383.7
8563010130,841439.75
8965450110,871554.5
9274204230,510660.0
8165501700,381991.8
2193340260,515164.56
1860600290,822013.6
1222000055,187973.77
2492200280,438677.38
2488200455,346821.7
809001520,1099267.2
1796361140,237472.08
6398000011,757447.0
6813600365,552445.94
7504100920,782476.9
8835770330,637464.44
524059322,817082.7
4307330280,385992.56
1245002952,1032353.8
2021069059,262529.53
5700000595,656879.25
3629970930,723732.1
3336002215,247393.22
5100401060,668997.44
3278600750,334913.03
1126069045,926211.7
7568700175,307370.03
452001475,503910.3
9283800230,504687.5
1737300130,557641.8
6189600040,512772.1
3679400025,491399.06
1096100010,311555.16
9513900050,239947.78
5452800645,737908.6
273800100,233019.33
7228500037,475365.44
808300090,437505.47
2493200215,568111.8
5035300255,776598.6
3380900160,412756.44
3630000130,407706.56
7300400670,280639.38
6798100070,372909.22
8078400010,549267.1
5566100060,491832.25
2768200212,524645.9
4035900060,539498.75
9460000110,349871.7
7199320190,552822.75
2225039081,465039.2
9512200050,568787.9
2634500085,302377.38
3654800200,282260.88
2724079090,1146426.1
2597520720,781561.8
3034200426,376347.97
984000130,295198.75
7852020670,446281.3
7923500060,681921.7
2310030510,308651.62
2205500540,485109.78
2493200015,385089.16
7853361420,559929.0
5652600605,534155.5
5285200020,314069.72
9406530150,361168.6
5706300020,474090.1
3278602490,409235.12
7197000100,538112.44
4447300008,495097.78
7899800045,228972.81
9250900095,343493.8
9268851740,603379.2
8682261440,490291.5
7284900385,759295.6
8079040300,437727.5
2225300585,390003.56
3223039013,455802.3
2013801350,257789.31
4055701110,793992.25
3578401770,448505.97
4046500720,555160.06
6145601745,388739.94
5207200195,679266.4
1972201856,556266.7
7212680080,250855.0
7277100510,594614.06
522079022,632348.6
5605000440,811010.2
6632300230,355967.16
8815400165,674380.1
6708200320,464643.3
2426059076,589033.25
3260200200,571884.94
2770601741,490256.44
4338800500,261375.89
9201000320,752209.3
7655900038,348571.12
3625059140,593938.5
4222310010,245590.44
2114700115,331020.3
3291800710,320634.28
9406590010,384545.62
3025059124,2409281.2
7972601250,384674.75
930000470,1011537.0
6690500060,470188.97
16000015,204427.0
5693501102,544344.44
8079040490,441228.38
7225000155,342408.94
8819900170,793145.44
7972601270,327233.38
1224069074,790773.9
5126900321,346516.84
3438501860,317362.72
2822069080,430660.53
1656600310,556880.8
3856900507,1204522.4
1626069139,498854.8
2524049257,1215413.0
3904960150,575930.1
7214820610,428341.78
7977201845,575533.75
2428100080,821792.6
2202500135,408652.1
1523550220,704719.9
2313900610,472926.38
4123840050,373339.44
2125059124,1130872.0
1225039067,522610.47
6431500283,451782.3
2473380010,287224.2
5694501195,421074.8
2881700046,357782.22
6837820330,337640.56
2337300370,204776.66
3876540630,232135.0
626059317,340592.94
3374500520,348868.12
7228501903,359789.0
4019300051,518551.38
4232902615,678961.3
3546000090,256508.94
8127700215,821335.9
3438501100,372299.1
1769600066,683071.75
8146100610,585143.7
3052700695,553304.3
7954310210,622800.94
3761700053,1912042.5
1320069179,325984.97
1331900410,773661.75
7303100210,324735.75
2464400285,504889.7
6163901150,360035.44
8955800045,350264.94
2314300200,421852.97
9528104360,385704.06
4177100005,647209.8
8856960260,308062.0
1828001220,627773.6
3066400710,696338.25
624110610,859800.1
4040800260,392994.56
5019500215,489956.84
2481630180,1171284.9
7203170190,671596.0
510001280,858982.1
9430110120,789749.6
1565950030,337086.53
9828202255,766220.6
3878900270,468637.8
8091600080,211633.94
1112000035,299570.78
2228900270,302967.66
6648701740,280499.97
1245003740,644079.44
2174503441,523244.3
7708250010,307492.28
6072300110,593124.56
2329800140,259659.84
1494300040,502790.4
3832050130,283331.03
7203100730,894421.6
7199330170,504458.94
7785000220,684332.1
1250201175,421347.2
4054500180,1040227.44
7905200061,431753.2
3751604895,186457.4
5220300140,281556.75
3323059027,331098.0
8651611980,915499.56
8673400190,513739.3
1668500100,827623.75
1023059365,557149.06
3308030060,334972.12
4232400860,868666.75
2144800615,229019.56
1568100920,1358128.9
9406510040,496174.06
2923049421,327789.03
1051000040,1643693.6
2077700042,649384.9
9423800030,245972.28
9818700455,671403.9
7133300675,350050.25
4113800550,628617.75
5553300375,1631118.5
2025701530,274297.88
7942601155,435007.53
7524300020,270506.16
2520069100,305979.06
5412300410,218180.02
7504110760,733689.94
2594200350,407089.94
2722059013,254083.5
8078430480,533284.6
1423069162,489963.84
8856001090,159389.22
7000100631,833609.9
4222200280,229220.8
7971300050,590595.3
2009001600,261046.56
6619910140,679122.56
2877100985,519760.44
1196000007,345266.66
1330850130,759767.9
6664900410,262510.53
1231001110,283535.9
9235900030,267565.06
9407101840,316603.62
9523103001,415366.22
2149800278,348954.62
7234601198,648557.4
9476700035,407769.16
9297301065,674461.2
518500700,769710.5
7843500090,332368.8
6056110780,292856.78
2345700260,358703.3
3509600070,238250.83
1431700280,381245.0
1623049174,289695.38
3024089049,383848.75
7853340450,402061.06
7732410360,778756.1
1446800995,308152.22
2946000285,253525.1
425079100,544000.4
3876313040,427639.72
1762600260,1023489.94
1925069121,911048.94
7443000480,902171.2
7820000015,359915.3
4027701253,485870.97
2826049165,355659.06
5426300060,756852.75
1278000210,164816.84
923000270,348579.12
7657600005,262689.56
3024079057,383934.78
3276180020,312826.75
7304300760,292587.94
3908100020,524982.75
8835400805,674488.25
4051150070,208330.98
3904930530,495199.3
6163900971,366905.53
7942600310,424470.06
4365700330,289424.2
423059207,285968.0
3992700265,343845.8
7177300090,468413.5
2540820010,666207.56
5700002510,1036894.56
5201000030,610234.94
7631800015,1970394.5
2922702965,669465.25
1525059198,931616.44
1245003160,743624.5
3810000455,299766.8
7855600080,643328.0
5701500030,1204752.2
7504020400,624768.2
1402600570,296930.38
7575610760,289994.44
8731990370,372546.3
5021900090,877649.1
290000075,379669.94
2841500010,446722.9
3955900830,432069.53
7852110140,539898.2
1311400350,242948.3
7773800015,624535.25
4123400320,490917.53
2725069157,853606.3
666000143,752889.7
5101408678,501127.38
6371000026,351669.06
2024059084,671724.75
7283900036,327362.94
8881900230,721738.1
3959400135,361803.94
7696610270,228186.31
1689400150,852451.1
5103900015,423064.47
1441000350,441943.47
5101408735,322036.9
3126059027,1902887.0
2320069014,509893.06
9541600015,632862.06
8682320420,761324.4
1562200090,598004.0
3395070980,616359.25
7349600230,249293.84
522049122,297971.47
869700060,276222.88
811000055,1223121.1
1221059176,438229.56
1523059103,456654.22
2025760210,747086.94
9218400088,309091.7
8682292020,443745.97
2623089135,455291.38
3758900259,1345551.4
524069049,646505.3
3121500150,852128.44
5581400080,767889.25
8087800020,450384.2
4070700290,707078.1
3296000170,607918.44
9238500040,456096.7
2744600040,341990.22
6813600380,640567.0
6140100150,471806.94
2201500555,453387.94
2600110250,661289.75
4337000275,174740.5
1186000150,552316.9
1972201963,502689.22
1105000745,342578.44
2887700560,656704.5
4039700080,739472.56
522049104,283019.38
4202400078,268361.38
7520000695,181536.0
7714000310,388319.0
4319200060,744662.0
8624700015,649733.0
5104520610,311288.16
2354300845,267449.5
3824100291,450672.94
6151800612,247883.27
5454200080,945184.25
6413600290,334225.75
2131200065,308215.12
1459920010,285157.25
50300090,392427.2
2326300090,631097.94
7714000070,392287.25
3630180500,960461.6
1727850340,1065181.1
8691430330,1054077.4
2310030390,266260.5
5561400610,492641.1
7010701016,491293.62
7883605915,262450.2
1282300995,336146.9
4040700310,470201.1
3353400435,238696.81
2143701015,501373.06
255450020,387107.3
1020069017,364763.38
4038200120,481603.7
9284801100,291123.62
1965200075,697332.44
847100047,566267.3
4038700720,528110.1
6815100085,798889.06
2508000020,285074.6
255520180,658302.8
6822100750,663979.94
869700050,313107.94
1775801405,573304.7
6600400090,226502.97
7202330270,462278.22
1683400165,803362.4
2625069070,1010242.25
7625702440,416279.5
3388000640,229692.16
1899400365,307718.2
6899990200,868062.25
5569700020,850039.25
986000045,289976.75
3293700221,309953.94
3764800250,365288.3
2291400566,359459.06
4219401236,1495956.5
4239400840,156368.06
7211400990,195667.17
7696500280,195753.03
7215721070,502237.84
3204850140,361339.8
4322200220,706941.25
2566300100,1126869.2
1944900090,434279.25
6648500390,293944.4
7385300020,709546.4
1704900135,343434.5
2877100655,715946.0
2726079098,628442.7
7625703800,485418.94
318300040,516283.0
7922800190,543471.44
2023049361,267818.06
8946400210,471140.12
6071600450,523520.84
4343800100,400482.12
1443300140,368805.88
1024039001,872952.8
2767704860,600204.9
7234600851,612103.56
644200065,836762.44
7784400035,641205.7
3826000560,227625.77
9272202260,428934.9
263000253,462847.72
3621059043,592186.3
240000130,531991.3
1352300120,204839.55
7849200861,268007.12
2487700130,504071.3
1796100140,269501.12
7234601221,534095.4
8651710190,449759.7
2916200091,604764.06
1232000915,508454.75
1545801970,279646.34
3211200420,343511.16
7686204675,187758.05
3141600210,184421.53
3959401284,508579.38
2113700825,250546.34
3876000710,399435.84
522069022,496938.38
3214200070,378410.53
1221039156,295161.56
259600790,439530.4
785000040,529127.0
8138870470,489546.75
2596300035,344930.62
540100057,1652684.5
3073500045,448812.3
5363200266,389187.66
8682261650,482983.1
3224510080,822121.9
3211270160,430547.2
9269200520,195945.03
293810190,485670.38
4197400043,342000.66
3026079031,319733.2
5332200405,1015945.5
2473411210,290790.94
9268200315,556227.4
8123500050,594358.4
3221069091,453954.28
2485000165,624089.94
4058800215,525834.06
1926059039,869285.0
2533300680,917347.1
3343903640,325796.94
5700003705,1424083.5
2023049372,426863.12
4058800830,577281.25
3333002302,416426.8
2944500340,289034.72
1982200790,540621.06
8929000270,493471.5
8122101440,283805.1
7525530470,748651.75
9332800020,649702.0
3878900525,232275.84
5420300210,256459.53
9232900165,348849.8
6414100026,397382.2
3013300660,765002.0
7954300120,574381.1
1081200360,313441.94
2877102345,506610.62
2202500255,493086.7
7984400050,215976.28
9558020380,417914.34
7812801850,206627.94
8944460020,383729.44
2306400040,596857.1
8649400410,347507.0
7889602020,235773.97
2041000025,459641.0
871001484,573281.2
2767602141,501562.47
3630180470,779004.94
2769602140,463577.06
2473250280,316876.72
5422560660,525576.4
3756600240,382187.84
8651600160,787720.25
7202300540,870277.06
8961950250,446073.7
3303000130,475315.12
798000062,270179.47
1695900150,755072.0
1604730150,532899.25
4136930310,349054.16
8835401250,1454784.0
8665900328,438526.38
9262800255,289965.12
1853080570,805157.1
5556300114,748558.25
9517200290,423125.0
4037200295,492932.94
7417100123,413704.25
2620069077,196975.89
7922720040,685861.7
558100090,553784.7
257000037,271563.06
3319500385,424167.38
9297301520,352977.44
3580900090,355533.94
1321039076,176023.2
7227801581,296731.94
9407001620,303747.3
2130400150,324904.6
2312400200,260927.34
4046700210,407293.8
1193000480,967335.7
1492800296,522839.78
3013300017,447992.56
3630240140,583050.4
1049010390,357753.88
9320900420,159191.12
4315700060,363066.25
2591010290,310529.4
323089085,678717.25
6600400270,207136.77
2919701105,479429.72
7202360670,923281.1
8927600100,790326.0
3211700045,625718.06
4027701326,457096.88
1601600195,277482.8
7853280350,768364.6
3629970130,722497.0
7203120020,819777.0
9542900190,360021.38
8035350120,504197.78
1238501184,970888.4
251200240,476145.38
8945300200,190480.16
2162000160,1055950.9
5466310060,195544.05
1239400064,883756.0
5205000020,333050.38
1720800305,725395.4
7280300375,551756.2
2095800400,458364.12
7852010950,538083.2
1428001160,574762.0
9528104910,645906.94
8644210470,834805.6
7923300310,496144.72
254000100,617018.5
1931300688,518581.03
7007700030,447780.7
422049178,225620.56
422069067,456864.62
2923049393,395954.9
930000305,445150.62
2461900448,482058.16
2610100020,306186.0
2895550050,262785.03
7701700040,267123.75
2460900020,477136.78
9827700105,571616.1
1005000240,256231.19
7200001254,537029.1
866400040,523399.03
305000170,647487.6
2260800110,873920.75
3442000127,698508.56
5253300437,449564.12
7576700150,1021959.6
5469501410,476684.25
5104531120,681878.75
723049434,344630.44
622069006,1305266.8
2517101200,299620.78
8159620160,244249.03
5561300640,437207.25
3317010130,225422.48
4364200250,387320.75
8732300060,736075.6
5603700025,767087.06
3585900190,959292.6
3996900575,272275.7
8731801260,233722.62
3810000860,356922.38
5700003585,2110045.5
6332000050,479676.22
9286100250,434645.5
9471201110,1013577.44
9290800050,577445.9
7300200400,653153.06
526069024,839260.7
1454600156,910659.75
3904980360,509960.66
2626119062,290301.03
8651730290,420705.12
7611200195,775421.94
1919800260,603121.44
6632900354,280560.44
3972900195,316613.0
5151600170,274520.06
7016000440,438929.75
871000435,792338.0
9578060540,519731.7
2332700060,875803.0
766000240,267533.44
4363700200,307525.72
7100000250,315151.03
2781250560,212609.4
2781250100,365802.53
5419800220,257373.44
7147600245,249585.02
2926069083,840842.1
6189200125,829184.06
9542830160,294839.72
5152200020,275668.38
9412900045,463216.0
6600410480,188256.5
6979970080,540443.7
5636010280,269423.78
1732801300,811684.94
5561401530,511988.8
9578500510,349832.62
7304300906,318781.44
1223089077,598560.3
721049207,271235.9
8691330310,828143.25
1523069204,448609.94
3188100105,647996.0
6608500290,394333.75
2891400410,357350.5
7663700551,360068.06
5413200140,250896.16
425069139,627308.6
6713700155,359591.44
2767603505,495029.8
7789000080,253105.47
9211500620,232359.81
3750604417,186244.31
7922800320,556038.06
1471620240,346248.94
2222059052,350134.38
9551200270,1070778.9
2767603160,550078.06
9406710060,380881.56
8929000250,405360.94
5538300120,389772.7
2223069120,457072.94
1652500060,1670581.5
8564500240,406964.97
3629700120,606206.5
3943600070,424203.38
4171200025,313003.12
2425049063,3758705.8
9828701650,374439.44
3581000340,352110.7
8100900015,386703.3
2125059161,1101355.5
304000380,194671.56
8146200070,1610480.4
686530170,549418.5
2917200645,501781.1
9547200530,802668.5
2122059199,343760.25
1150000740,653990.75
5706200060,299922.97
9265410010,235442.78
4083800555,520417.12
6152900332,336534.38
2520900301,212693.77
9828200790,480793.25
1657530180,286441.0
7471900045,300009.34
9828200460,389804.62
1775900140,447245.94
6139800430,440265.84
7214400005,538237.1
5332200026,536492.2
9510970300,816305.4
2540830020,465174.0
3392100140,198377.34
1326069191,362419.34
2125059112,1269743.2
859000022,333076.75
8854100350,654252.8
121059007,231191.19
7977201707,515344.9
3859900060,2850946.8
8815400735,754316.3
705700530,336913.3
6600780130,361267.12
6378500105,407528.5
8143000310,471215.62
2877102330,659630.75
3526039074,600476.25
2115510300,243149.03
3024059014,2032544.1
2141330360,585185.56
546000400,532473.5
2071500011,429770.62
7972000240,218101.38
7016200460,437058.0
6204200180,434631.8
1552100135,1173433.9
88000173,439586.16
2581900235,818300.75
9211500560,222069.89
621069218,456287.25
1321970240,289628.25
798000630,291895.1
421000285,264917.6
2824600180,852759.3
3832051140,318057.2
1237500105,707960.0
8802400906,262732.66
3166900270,417281.53
3682000060,388729.56
5469700020,286405.22
1245001820,644885.8
9547205660,628667.5
7974700122,727038.1
7550801225,543284.9
1099950050,783921.44
1402900460,318394.03
7636800041,1298773.9
2115720270,247524.44
8651441750,191867.23
3904100035,245660.02
8815400020,584722.0
3303860590,473008.94
5427110040,937053.6
1782000160,352697.5
6204420290,489695.25
3995700245,299713.1
7955040130,468885.03
1442880650,522501.8
8833510230,811725.94
7283900551,450583.97
4396000180,249908.94
7504021310,693115.7
322059264,269054.28
3654800040,297525.66
2767704777,490337.8
3278602190,357873.0
3236500220,490262.53
3410600100,315948.8
629410180,745607.9
3352402250,150957.44
4363700304,343591.12
7237550130,1227489.1
9808590210,1274618.0
8074200175,275140.72
3463400330,459966.8
6306400140,807838.4
8564950250,528084.44
5381000070,215613.03
9826700697,510781.28
8132700190,451563.5
7943000020,181355.88
9547204675,571413.3
4112100101,480454.06
727500030,589072.56
114101426,364616.25
9274202005,764183.2
1193000380,908603.8
3039000020,484212.62
7852170130,678770.3
2624079010,603211.75
4137010540,305577.78
7576200012,762583.75
1138020020,345319.0
3969300030,192366.5
898000200,215150.67
5153100030,302166.62
5104532030,535648.6
4406000050,219309.44
9274203390,609669.5
8682290360,463007.53
6928600330,244675.2
4139680070,871155.6
6844702690,504572.5
2154970020,1980188.2
4385701285,1146960.9
2426059071,609091.25
2867300160,506093.44
9512500720,560031.56
1773101020,303312.25
8687800100,291407.5
3627800050,1430517.8
1604600227,301026.2
3300701170,419151.7
9250900111,510732.56
7015200790,595944.75
1311100490,246240.55
2469000010,909911.44
1982201596,570401.2
1862700290,325828.3
2586800270,256605.58
9528102772,462235.88
5490210200,445913.75
6669080020,398953.12
179003055,210695.1
1860600535,977278.7
1592000130,616074.75
3905040170,570753.8
9320500080,250865.77
9276200850,476460.16
224069114,630609.44
2260000340,559999.5
5096300130,397445.88
3432500215,380009.38
2600000050,686306.6
8856003839,229440.38
2492200435,378051.62
7855900110,1119954.6
6806100250,319257.25
2770603523,552125.7
1370800515,1498869.6
2726049150,485027.9
1226059161,543363.1
1068000375,2381816.5
9528104109,464559.56
5126310060,518912.0
1951820070,531724.0
1545805980,386765.62
9464700340,921520.0
4319200675,912382.75
7518500885,543556.94
7852020620,507268.12
869700370,352128.8
8643000190,269965.97
8902000267,573499.94
7972602435,273477.72
2050100210,934077.2
6705120540,453914.03
2767601390,627451.6
4141000490,1154272.2
9345400350,778555.6
3222079162,325185.12
7789000120,245092.78
6646200770,711561.0
6666800180,755302.5
1725800280,463559.38
6117500460,867528.4
5470100220,224309.28
5457300478,479775.5
7550800195,544042.4
7787050180,545710.4
6204430250,527616.8
7640400250,480592.94
624110920,794372.5
3629920140,395547.66
7173700518,663800.1
3210200395,221649.47
2473480560,403110.38
2623089141,470908.78
1423800080,219678.06
2076400050,297032.62
3832060120,308909.88
7702600930,430566.1
5101404555,411638.47
3723800415,371069.8
3356403400,215900.28
9214400125,535215.1
1797500530,582758.5
9551201660,1124083.9
3878900815,367234.6
1760650280,333599.06
5466410030,250749.05
6388930620,583888.9
2331300395,822351.6
9412700160,282096.16
871001611,572370.5
3142600120,587683.8
3995700220,370442.9
2310000280,282568.2
8039900400,389510.3
7504021510,691244.9
1959700445,1633478.5
1556200155,579773.94
3629960590,406499.5
259000240,468365.72
662440020,403810.62
3123049142,533983.3
321100260,766238.9
6840701095,545433.6
3738900165,400621.53
4427100130,411190.4
9238500100,457019.75
6145601810,331127.66
2570300090,363629.0
4017600010,527893.6
1005000220,361575.62
1257202120,501092.5
9527000490,495459.6
8691400080,717208.2
1726069084,443685.88
248000240,208542.28
6113400046,370579.3
2130702350,360144.66
920069052,228375.5
6071300160,553512.8
1623049041,143035.67
9268200285,360729.0
1843100520,368069.4
2887700826,616276.94
9122000385,556773.5
9475700220,360473.5
2804600005,742200.44
2896400300,406941.7
5015000180,723599.6
3630220180,761162.5
8832900780,517579.53
1568100300,455685.8
8718500610,390158.72
4147200140,1063638.2
1973700030,1077336.4
8862000075,195344.06
9320990110,295419.53
1151100035,400011.84
2011000010,229110.22
1651500060,1045325.06
446000190,773850.6
2344300220,877408.1
523049195,192041.5
9191200015,654465.56
7942601410,726808.0
7137800300,208802.0
7853300280,506462.8
6654700240,349583.2
569000050,594515.44
3584000180,231914.39
2026079055,331445.8
8898700880,299245.56
5075400150,614400.8
8731981360,363253.97
4222500020,227921.62
7996720050,632178.6
4077800094,682120.06
6446200365,659125.75
2824089053,488245.47
1311800220,231399.19
3522049063,622148.5
1721801280,194690.12
6131600240,197722.69
7202310040,631385.1
1123059125,513950.03
646910160,229721.3
5630500005,382800.7
3342100785,262670.78
9547205610,635696.0
1773100123,292709.62
3353400092,303577.34
217500015,376935.25
3649100031,434735.06
7896300150,286617.25
623049185,243025.47
1773100430,344067.22
1781500220,803192.25
3395380200,234871.34
2424059170,3025676.5
4389200765,1623981.8
1543000060,483481.72
6154900005,615891.5
2902200240,461637.62
1442880640,520022.72
8562770490,558759.2
2768300655,596549.8
3432501315,294228.5
5035300570,790092.4
3626039028,399214.56
3876540780,238915.44
327000100,1016140.25
7551300065,476829.28
1312920060,247789.44
2215901230,277469.03
6306800010,441470.8
2767700022,524787.5
5589900610,513192.84
4320200020,713277.2
5249804655,651802.2
9238500480,460668.78
3885806565,1095942.8
7905200205,473728.53
5727500102,349565.84
3585220070,434339.72
2078500210,525163.5
1839920050,406684.84
534000080,324024.88
856000255,609525.3
4141010110,1560035.2
9558040820,627673.6
7768700315,1148208.5
2796100640,293587.75
1922059010,209972.16
3448000542,262398.88
3883100220,280698.0
7237301210,277877.9
3893100456,952660.1
9578501110,337098.44
6145601995,419411.6
4024100120,306664.7
8899000050,375751.2
3396820010,585843.9
6749700117,380591.47
1954400060,496347.28
3303970100,753352.25
2540850070,488065.75
3797000745,529165.8
7883603700,238101.38
3438501452,421444.03
3530210260,689838.25
3598600049,166522.06
731500170,354633.16
7129304375,171951.02
263000006,416908.8
7212660560,314749.16
1112700010,412845.03
3420069060,610680.9
2473000470,405354.38
8691390980,717219.1
6184700100,446951.75
4476400275,326443.84
2968801240,282288.6
1529300160,413993.94
7640400070,636694.06
7016100380,462717.5
2172000890,454860.44
4035900015,740046.8
9528104660,953026.3
507100005,376157.44
2783100160,383034.38
3629921140,812137.9
1099750610,230249.66
1330300451,1169765.6
2757000030,815134.56
2114700190,326682.1
2050000020,981850.56
3832500790,284685.28
2612000390,323172.2
1483300430,419849.8
8899200720,311509.4
9183700470,297422.38
3530490031,210547.25
7857001225,363308.0
7920100083,449557.28
2254501620,473634.1
3303000130,439538.8
3876200070,434245.7
369000365,345620.12
3052700385,724531.1
7856550240,793425.4
7300410110,357934.75
7201800300,414532.4
1695900060,546480.1
9429500146,955626.5
3629910240,662381.06
8805400090,240636.4
1022069050,270204.22
1138010530,395111.06
7877400266,167425.75
7974200452,952683.75
2126049265,437684.5
9547204350,715629.25
5560000680,176025.38
3793500550,305743.66
4217401195,1081366.4
1826049408,405172.75
3905100210,474121.28
7695370160,502662.38
3210400060,225150.27
6146600170,146825.8
2767601750,472370.16
1773100926,353227.0
5700002125,479416.94
1951100100,195784.95
1402200340,313603.1
8044200200,414217.44
66000070,323542.84
5083100065,194534.05
4027701284,373796.88
5693501100,537915.4
3600072,557764.1
8078550250,305475.22
1922059046,297769.2
2902200016,654678.44
9183700845,146767.56
3333001997,309336.16
1432400525,257598.36
2824059128,487163.6
6453550090,925166.44
6202600070,1234284.6
7524100280,216962.86
3524039224,914623.4
5739601300,525038.3
2473000410,440421.62
421059018,307936.88
4232901120,687061.0
5559600140,257932.19
3797310150,279305.97
7986400265,843630.1
3025300095,2330912.5
7524950830,554354.9
9407100730,247586.77
3812400854,371743.12
6002400030,358021.12
2212200090,235356.12
7202330610,514177.03
7300400170,315784.03
8965000110,454403.44
3996900125,303183.84
2221000100,290992.88
1524079088,350383.56
1133000036,386079.06
1868901190,653038.5
4037200530,507602.5
2095500120,338977.88
1995200338,779363.1
8820902350,742913.5
7459810210,366328.97
9536600010,545402.94
8085400586,1746568.5
7518503065,379867.7
8682320350,604323.6
3179100790,764743.8
9828702666,494772.1
6713700250,519289.75
2141330700,627306.8
7519001990,398840.88
3223069019,334361.88
7994700030,365001.03
2592300450,293852.47
2792000010,454220.62
173000025,357231.94
7203150330,650878.5
3305100210,857255.4
2581300055,935505.3
6613000750,1575630.0
7015200685,665241.9
1323089184,467349.75
3793500510,401616.5
2225079030,309185.47
3578400710,423376.06
8100000090,253469.5
2095500040,318460.25
8682281710,725677.6
6163901380,307144.7
6918720080,640918.3
6914700130,497286.38
1205000215,544070.94
3800008,289913.16
6150200180,277055.75
1223089066,790519.75
7768800290,814797.25
9285800330,829994.2
1974300020,546655.8
7628700050,874982.3
9376301800,710056.1
8651430220,182033.56
629810350,812425.25
5016002180,853540.4
9558010230,346180.6
8732000390,216533.73
7899800586,360149.8
5249802460,409248.0
1446300020,538950.56
7785380150,491411.72
1245500950,718530.9
3362400640,684838.1
7578200310,690985.25
4137020910,297406.78
11520640,769801.5
7972601995,237217.2
8122100160,407787.03
9456200450,305419.6
1328320760,322013.56
4025300285,325557.16
2721600125,1008744.25
1123049027,220223.44
3542300060,220068.28
291310340,526940.94
8651720420,466910.94
3298200790,387640.78
4037200585,438060.75
1329000090,1420909.1
9279700013,1184701.9
4151800265,512204.2
7760400210,240537.28
5029450110,219082.0
9492500160,866679.1
3578400270,428105.72
7606200090,280532.62
3682000050,358378.8
1250200415,328989.75
629811600,668041.75
1839500115,305704.88
1176001293,1332316.4
3013300409,380532.7
7853280370,773078.3
3275780030,641891.5
3336001946,246372.56
5456000110,764166.4
2473250400,289611.38
5393601635,540908.3
8820902905,343355.25
1245001659,694001.3
1523069215,424499.2
930000234,498304.66
4083301645,630496.4
4055700778,618856.0
2781230080,466225.72
3629910210,667044.2
7856700060,668278.8
7589700055,470651.5
3888100043,369428.97
6381501636,384245.03
3303951150,385119.28
8638500170,390980.0
5635100050,398340.62
8820901792,858467.9
5456000025,1180053.9
985001275,169118.78
9560500105,686198.6
1421069117,261791.75
4154300296,337997.53
795000620,142041.7
9828702335,521744.47
1250202145,993883.0
1163400070,245299.95
5652600065,654009.5
1042700050,787514.4
8899210320,361559.4
1651800030,1628241.8
2919201365,746006.9
4365200895,345715.75
6841700100,971430.2
7376300060,428292.34
7852090180,529132.0
9222400565,560432.8
9542400075,890843.75
7338000150,185786.62
4322500110,595659.0
7694200070,410861.9
9321010130,272070.88
3204300455,1240934.2
6706000040,314908.28
1565930130,419591.25
3279000420,206958.08
194000575,486357.28
2115510160,245318.2
7522500005,572009.25
3787000140,468854.62
7852110690,645616.9
5469700260,360815.72
8691410730,709124.25
114100763,282292.38
1257202430,870774.3
7000100635,511884.3
1900000195,186743.73
251500330,1925211.1
7701960210,855474.2
4037000065,459291.78
522059299,254407.2
6072300800,691781.75
6821102358,562181.6
5029450200,229192.16
8860310240,622137.25
826000295,362082.88
9417400110,378186.12
3959400345,724775.75
8899000430,343562.28
7527200030,728228.2
8562720410,1280712.9
1432400335,231771.56
6699940320,381034.53
2525059172,726440.7
7548301044,369978.62
2141300420,813271.0
5100401414,422695.06
7346600092,251097.47
6852700478,492171.5
87000213,232787.0
5416500260,307046.56
322059097,270345.22
7229900005,334129.5
7116000350,139274.56
3739500096,355700.44
6744700900,766217.75
1959700550,930901.5
5589300435,372401.38
1775920350,338589.88
3750607974,269194.94
5318100935,818458.4
1442700430,490831.4
9346700030,679035.1
1841500050,313363.94
7278100665,352405.3
8635750980,619141.1
6909700340,632909.1
7011201475,768020.4
9348500220,538193.0
3876313170,413984.06
2195700050,862530.8
3760100200,461734.5
3396800120,537146.94
3750603685,241313.89
9828702310,552652.0
8656300380,401931.47
1438000170,550830.9
2423069164,522449.5
2112700845,289766.1
7635801370,532323.25
8572900135,376695.2
7504010590,766076.0
6821100125,444596.56
4310702775,307480.56
2591010180,425802.34
9828700235,702602.0
9376301180,548483.5
1646502355,1150197.8
1498301672,476129.5
7715600070,349011.22
7283900045,503677.28
522069119,510776.88
5200100125,615739.4
826069184,486068.84
3271300155,752154.8
4444800045,655196.25
8682291050,744165.8
2770605420,503105.53
1556200205,462720.6
269000970,1261622.2
9264900880,258997.03
2323059074,222419.19
1224059053,1114378.2
3755500065,416272.34
2571900430,367408.0
3705000070,290925.75
824069173,556290.56
1735800050,159069.42
3025059089,995606.7
6132600655,909711.0
1068000255,1595658.8
3052700921,659935.9
3024089057,305564.97
7390400026,284109.47
1787600224,433054.62
2923049372,316543.88
7015201015,1020800.5
7701990040,899747.3
1925059194,1143070.2
301401370,326035.03
1931300955,419800.2
2395710070,362390.3
2591820070,403665.47
7883604065,278230.06
808300200,468472.94
1421069159,490578.22
8562780540,299625.62
2787720300,385780.2
2349300069,297133.5
739000035,197995.36
2397101460,605819.9
7625702437,385003.6
5101406441,484887.78
3323500010,1248511.2
225039082,785218.1
8078100260,352266.53
4139480200,1348723.4
7436300160,550016.2
822039004,618893.1
8651442910,243612.08
1370803510,706332.0
3342100569,684034.6
1310430400,507523.12
104540820,234599.12
4305500030,599730.5
993000090,776582.4
8044050040,408299.94
5707500050,727460.5
6306800080,365387.97
9206700190,811921.06
8732040090,313229.2
3037200045,429200.06
438000025,612859.4
239000115,343241.66
8929000230,515926.16
7135520610,1131270.0
5561300340,506034.56
9530100085,720094.25
6613000140,1513547.0
8835210130,335030.25
3782400190,341938.06
379000051,276979.4
3869900150,324989.2
4322200050,437084.25
8961980290,719334.44
2558670110,447051.06
1124000010,404092.25
3869900138,464672.1
7853300720,485804.7
251300110,334341.47
3904100041,297596.03
7701990300,817441.2
8682231190,526151.56
7888200240,223684.22
2025700730,292743.12
3066410800,709225.7
7576200040,721068.7
2526069095,1037914.6
2781270530,199319.45
3763300005,465407.44
1523049083,195980.9
923049468,198230.39
3303700221,665278.7
1502400140,234851.4
2880100160,975684.4
4083304535,847222.8
8820902549,579041.8
4139400060,883978.56
1222069094,333433.34
9367200205,640807.7
2734100736,301162.3
3856904580,637689.44
3812400789,358326.5
3303980090,997490.4
1314300018,310910.2
9522400350,530917.9
7524350080,356407.4
9406520260,325982.2
3278602040,378262.25
7696620100,243270.34
3751600635,233618.33
6365900065,380604.53
8732800100,266758.16
3876540410,257630.3
7349660050,255607.61
1036700220,662540.25
5417600200,336260.4
8732020310,269554.6
6844703240,889356.5
923059206,355228.22
4038700220,564647.94
2597520900,716424.75
7203230040,987107.3
8820903560,304543.53
424069112,720560.0
6056100102,508376.7
1823069155,475784.5
9412400220,2721093.0
6851700381,1160059.4
13001215,271216.25
3630180340,753941.6
6746701090,528215.94
3832050760,285653.72
369000690,474250.16
6071900130,549798.5
7266200085,649435.06
1473120390,419953.53
9523100458,566687.6
4345000510,278173.03
6600220090,439440.72
8079040320,406125.2
1357900060,449287.25
3996900295,305379.7
1442700250,501018.4
5021900175,550485.8
4365700130,341198.6
3876100320,546873.25
2124069103,444359.2
6700400140,273020.62
7852090810,525864.6
1454600038,859221.4
4137000250,310157.38
9826700726,508301.53
6716700325,472195.38
8562750300,586358.1
9315600050,1869056.1
2790410250,672320.75
7732410130,724762.6
1387301730,356004.5
1568100220,342065.25
3975400085,840094.3
339600110,449295.4
7888400500,258663.8
1842390130,688308.4
7595700025,362552.44
2158900140,724437.9
6151800070,417714.72
9294300515,718638.44
1250202660,781032.75
9106000005,1084772.8
5035300085,714031.3
8898700440,287447.5
723049197,188293.48
2019200220,240506.31
2926049408,644190.6
4233600190,926885.9
9268851860,433227.3
5458800620,605221.06
424069096,500380.47
8150100265,229918.98
2742100085,381651.7
8045600130,412036.72
8039900086,300210.0
4131500190,363665.06
1370802650,719271.3
821049149,247994.39
5104520460,372828.16
5466750140,258194.55
1703900155,291758.44
8658303065,311342.8
3298720030,468469.34
1839900080,352424.47
1561600025,787561.0
6064800410,322998.4
621069102,237137.58
7853360620,396682.47
9385200045,703457.5
7214770020,650130.94
5412300100,235769.7
2025701360,258532.61
7334602070,300011.62
8029200190,205298.36
2622049052,512302.88
3126049261,353378.6
4443800705,445240.22
2473420100,312142.84
7922710520,565008.25
3336001911,277751.53
3797000300,445088.66
5406500480,632276.9
6706600090,440308.66
1518000230,332424.94
1250202990,858118.4
6441800060,782242.6
2141500070,477638.94
9407101900,257740.89
5451300117,1875836.5
326069132,461522.3
7153400100,243875.69
3083000910,457087.75
3021059304,310979.56
2597530650,798750.4
3972900215,306296.12
2473420070,309046.0
6115400008,503941.56
8682220230,783608.25
642150080,546764.25
3775300030,325058.0
5418200340,701141.5
2424059119,1024755.75
7899800476,277656.97
8598200070,257545.06
2421059125,533900.9
9528102771,530082.06
7522500020,609520.1
7202340720,598420.5
3286800260,600657.8
1121059105,447413.6
7504030220,638850.8
4045100190,1650488.9
9406530090,368435.0
7138000260,256750.5
2600010390,666281.25
2917200365,419260.84
2191600780,210771.45
7784000180,496948.34
6149700194,323761.38
8082400136,790118.0
7202340930,618575.1
1972200556,599085.7
2767604170,575146.9
3271301175,564384.6
3223059303,544582.75
7598100735,1072637.0
3348401490,325754.38
1545803390,278724.03
2296700050,509435.7
3626500045,685462.1
1596600060,275860.1
3616600250,1271774.4
8078560140,282481.4
1796360350,231250.28
2770601763,552805.4
3223069118,654383.2
2473372040,366547.75
3575302759,403900.38
5706200170,438821.3
1774000030,456066.22
2224700136,329513.5
1250200418,340364.0
5416500840,369386.7
7335400345,142538.5
3776300010,973243.06
8857320130,557188.4
424069206,762303.0
3592500985,1059162.1
9828701295,353351.3
2621750340,297160.97
7334401000,259962.38
3286800110,560937.56
1722069097,430699.16
3574770030,500687.4
1336300610,1205851.1
7230900100,349414.2
6141100320,411671.44
2767602356,721330.75
476000017,450925.3
2558600100,441633.38
3500100015,297045.94
4074300150,477970.22
8907500070,3996316.5
4388000260,206528.06
2475900850,234017.03
7852010900,550197.7
318500300,665101.7
9200000050,161018.64
1026069106,483201.94
205000120,679098.6
2616800600,859579.56
921049141,645220.5
2023069059,654045.06
7229900145,413007.28
4376800010,550962.75
4389201095,2669500.8
826069127,507187.34
2310000250,296386.06
4058801225,345514.34
6600220550,454169.06
3585300194,1297478.9
2594200375,413928.78
1102000514,886998.4
1862400471,441348.3
6928000440,296388.88
9578060470,525224.6
8732020670,274497.03
1823069088,311592.6
8712100350,1235610.8
3420069055,352186.94
4229900140,274351.25
8682280490,405595.3
3830630310,255336.67
5100400251,369783.22
1737100830,645542.4
1630700276,433228.12
6326000205,431256.5
3426049284,2620155.8
3814900260,400300.34
7403200050,1775499.9
1725059252,769613.6
8899200570,348192.38
4137000700,272837.4
1115300270,730879.06
3904920380,635915.5
2695600195,384675.12
9542100135,846046.44
1552510160,400802.7
1823059241,734555.25
2193320450,632917.0
1122069006,547984.2
7853340330,385067.12
1954420380,508549.3
7299600530,270697.62
1760650670,265984.38
6819100080,561282.2
2767704649,467561.06
2424059035,880816.1
1566100400,371819.75
5255690060,507370.7
8860500130,436616.4
7349650120,301643.78
3291800670,445806.6
3764650010,518796.22
5416500950,419816.56
7973202712,188712.53
3291800120,230886.67
9211500620,223803.28
8643200020,381383.56
9197100101,200071.53
3531900060,320846.88
8842400071,408779.56
6844701680,495939.44
6413600285,445351.5
5196410260,979448.0
824069121,641868.9
3876313120,437078.44
269000030,934914.0
1560930070,623555.7
4435000705,225518.81
9542400025,851115.7
2470200020,1624231.0
7519000580,514765.28
1226059101,508947.62
4449800063,474886.03
2815600305,787718.75
3821200050,220828.92
2644900110,385226.9
8058500005,417204.3
1099760230,226250.81
1954430180,513628.12
7853360480,475475.62
7229100040,320090.16
1432400120,203175.5
1898200080,353057.56
4054520100,884817.75
2568200140,761518.3
587550010,625777.75
4154303215,774935.5
6358900070,867025.5
3277801640,437514.66
6209000165,307836.75
6143000020,280038.66
2591780180,412939.12
5412400170,256297.42
5466350120,259184.58
2877104196,677142.3
3222059007,320960.4
7957600025,255474.78
2698200210,261300.11
3764500230,522954.97
414100630,360385.5
8029740060,342707.53
1426049054,369822.0
546001060,703759.5
3277801417,456689.94
3630120970,746460.25
2326059080,913868.4
3278612370,386996.6
4024700100,297074.0
7697870860,237442.64
8562900240,660254.44
4059400585,213230.16
5703000050,471631.47
7701990560,818355.4
1760650610,325267.62
5408100035,467504.44
1370800560,1274684.9
2880100240,518003.72
3630060150,548071.5
6071700020,497756.56
2473002500,398440.56
2768300650,506428.03
3523089019,746460.25
2787250190,493679.56
9477940440,411605.5
8732030440,287584.88
236500050,299259.53
993000100,794674.06
5466700360,250508.6
7203220300,868537.5
8682292180,406156.94
5209200010,465116.34
7853360990,399100.38
8663310010,428199.22
2313900165,502945.3
6114600030,585017.6
3303990030,739418.25
6679000960,345002.34
8161000230,595193.9
9510860060,682194.25
1223089083,673587.6
2721049059,266440.88
2523039278,274562.22
9826700707,458889.0
2159900120,449420.97
2767600635,645119.56
3812400455,371765.12
7852030960,425805.2
319500080,691940.06
1061500360,301904.5
1787600209,383668.3
7888700030,490412.16
3623500260,963020.56
4219400520,1494308.1
518500460,2430202.2
2500600297,257526.39
7283900010,301817.88
9225900055,312070.8
4036800925,394447.3
7967900150,390124.84
1782000130,411667.12
3163600015,139810.47
254000075,391558.75
1424059022,1045479.6
2768200090,761619.25
4319200505,482113.3
1592000780,642492.3
1687910100,554987.0
5200100115,586470.0
3751600176,215826.17
5608010650,903785.8
2051200506,311970.8
2781280310,288592.38
1023059190,275017.4
2787310130,264545.97
4358700100,403794.47
3121069036,540317.44
1959700225,693522.3
3205500230,374815.3
7974200937,500288.38
6819100111,951785.56
6146600175,155464.3
1525069095,796302.9
1231000510,364631.2
4122700040,944559.75
2426039314,288628.16
2013200390,260519.81
1854900330,687244.5
1923300135,600558.1
582000135,560085.5
587800130,280759.3
7840800135,225587.86
6116500366,397168.12
6392002635,617020.25
5361700020,366539.34
106000395,392087.88
7199330390,381720.88
2484700155,640702.0
4038300070,451974.94
9407101850,310409.2
293610040,632827.6
7202360760,827589.0
5608010750,1136457.1
7236500025,322485.94
9144300120,341855.56
1454100267,420956.78
1377800135,668764.6
7967700570,236336.55
1562100220,626778.75
2923039243,393788.06
868002080,766776.94
7137960460,267735.06
1023089096,304645.2
3262300818,1769360.6
8563050110,559220.9
7137300245,454484.94
4365200630,392949.25
4100500070,1826174.0
3821400200,242503.62
5379803386,244093.47
4237901075,599095.44
8118600155,385479.75
8946780080,892124.94
1428000970,389735.12
7011201004,712264.4
2799800180,369674.25
522059130,271039.12
4315701163,579785.56
3649100387,445461.06
2125410210,470864.3
3224900130,222094.45
6798100661,303040.2
3626039325,798192.25
8730000270,357032.0
6065301040,836544.6
1665400165,223615.33
2203500140,408027.06
4058800875,355055.8
5076700025,435659.34
7853420110,603522.44
7818700480,282671.4
8658303080,325047.75
3187600100,613455.9
4077800518,378606.9
2470100110,3919431.8
3451000206,297263.88
1843200350,167490.11
7904700126,391112.03
9430000070,283889.28
6003500749,644296.3
7701990700,801984.5
1310820150,331575.44
3975400190,603489.06
4100000050,633323.3
7202270700,564616.7
7370600020,610298.94
126059225,486631.47
106000015,411730.75
4458800060,1068243.2
8944290090,244135.38
8682250330,622123.56
9834200390,491746.9
3275880100,711184.5
7227501190,251733.81
1796100010,651656.75
3831200210,284013.3
2521039066,274462.22
7701800050,419527.22
3904960910,671393.6
5647900670,265182.0
7234600796,516266.75
3021059244,223472.06
7787400030,1809686.5
2051200436,609342.25
8820901415,346705.25
3523069047,820711.0
9194101388,487940.1
7277100610,352223.88
9471200370,1960694.0
2767800140,716420.7
3629870110,547919.4
9136102057,594619.2
8648900060,499504.16
3678900110,400693.0
2767600150,462822.12
1972201511,637969.9
6055000430,508087.8
6624030050,392748.44
2215450150,332071.94
2767603824,451614.3
3585900460,724539.4
2922069134,387388.38
9267200062,343759.25
7228500425,515961.1
1089000190,871790.56
3359500960,527257.6
5152100160,413607.6
7230300060,347562.7
2423059067,461165.06
8016250060,258982.95
2524059267,1109744.8
1438000440,501550.5
3326069026,685320.94
9353300600,302546.97
8691410060,698542.5
6332940070,509981.56
1310980110,294066.38
7428000120,209039.89
3626079040,604883.5
2722049077,284502.88
984220290,298017.5
5347200160,253759.0
4154303655,500471.62
2953000250,258681.56
9523102447,657207.56
5104511840,402842.12
3448740250,453418.2
4219400290,1075006.6
5152100060,485996.1
3279000460,213587.33
1102001274,1051273.5
1251200155,1197017.1
2025700740,260854.44
3820350050,343634.03
1245000438,769808.1
7853230200,461931.38
3832200070,255251.47
2926049400,432627.8
1246700251,865573.1
6372000155,550704.8
7950300670,362384.44
7518504130,590479.9
9286100200,414415.4
3992700585,460856.84
7234600786,740471.1
5476800069,352639.62
1126059201,1374108.0
9527000090,522926.03
402000115,298446.97
8818400450,958636.9
2475900840,238543.2
1437500015,191657.84
2848700095,475769.53
1529300135,347174.12
2597520090,776571.25
7812801125,200834.86
3343903647,387013.94
1951600250,175186.84
9542840590,261048.8
8081010040,1107575.1
3262301355,1167161.5
1861400068,475979.22
3295900490,429430.2
4345000440,239297.62
4219400465,1069930.6
3797700030,262148.0
3204300860,746820.5
1930301555,535690.5
8807300130,335039.84
4391600035,299865.2
5021900140,1658390.5
2946000590,267742.47
686400210,519810.5
3365900462,236695.42
8682262170,406674.38
7312400325,353489.84
3760100100,401033.62
3579000410,466648.3
1773100755,513766.75
7129300175,334452.78
6303400965,229801.92
1328320440,327992.0
3686900025,259408.88
1221039066,392421.94
7950304095,308423.6
3585900785,992834.25
9455200329,510187.8
629410130,747188.8
1994200375,587617.7
6669200370,920399.3
7262200150,251747.73
7504010750,589722.94
5253300173,299523.06
3395040200,293008.2
322069109,404245.25
4054510270,1027070.6
1710400005,542469.94
8644300170,698629.1
2450000290,1095466.2
6102400166,706274.75
1934800087,428039.2
3333000775,277064.22
5393600509,302740.94
621069039,348830.2
3343903611,677663.0
2954400020,1170750.0
7972000010,204818.06
7214810510,460177.88
5561300540,484317.47
2634500070,402739.94
6822100310,722172.56
9201000100,763373.2
1072100085,330401.2
6190701146,441876.47
3277800845,266269.16
112900020,337147.3
1324059048,615436.44
7979900126,373855.0
7199330370,422789.38
6381500720,432609.25
8078550190,293521.97
7853440140,840968.9
6300000396,349839.0
3374500250,371614.12
3343901188,284939.25
6979900010,792507.25
7199340320,583037.56
1112000125,334989.38
9269200150,328695.28
5104510210,297276.06
925059219,593871.7
100600320,195023.52
1789900080,255242.22
2123049142,305156.97
2459900040,528579.25
3902300450,575188.56
7250000065,321228.66
7823700005,285485.7
3750605247,212293.33
2771601730,527960.56
3298600440,376339.72
9141100005,575683.56
8682262190,422976.94
9407111250,237417.5
1336800010,1548986.2
2255500060,586916.5
7950302345,282788.16
8658303585,270275.88
9184700600,1121167.5
8068000440,295559.03
1310000130,311043.94
7853221330,687900.9
1222029077,350091.97
8562891100,345338.75
2517000260,356831.16
2225300149,354793.84
8651410330,175838.64
2413910050,592223.06
9407100720,280458.53
2112700920,334242.0
3761700251,862906.8
1036400100,679063.6
3585300365,658098.2
8562750060,891319.6
2719100042,524837.56
952007055,388043.2
925049318,586308.4
7203220260,978383.75
9320990140,307412.25
8567450140,504953.75
5379800810,181326.98
7784000100,593345.2
3992700475,423894.8
7905380280,412763.94
943100683,393233.38
8029770470,549485.6
2818600060,1043247.6
1226039124,452084.0
726049184,280008.75
795001930,228069.47
339350150,757490.4
1332700270,282585.4
7548300170,582084.75
6141100330,435470.75
647100096,774736.0
6744700423,440959.16
2895800750,300296.2
4046600220,356220.84
8809200070,361324.66
293700110,867866.9
4178500440,251359.34
4358700164,252646.06
9197100263,248870.78
2426039313,297489.62
9468200163,638764.94
475000190,508482.38
7504180170,442089.75
4036800170,471810.97
2561330040,482727.06
4123400340,494637.62
524069115,781086.4
4047200850,374899.3
8651440230,236138.52
3905030140,548162.44
510000641,654906.4
8663370020,418046.28
2883200760,654254.0
1980200384,813897.94
9468200140,490766.8
1796370150,256501.34
9238900085,548569.3
9191201325,632154.5
2538400060,955155.44
3758900037,958022.75
2472920800,407255.75
321030150,347181.06
2571910100,317628.88
1423910670,282530.44
1118500030,793671.3
1939000010,648944.7
1776460190,463231.0
7504400290,682740.94
3448700070,398940.94
7518501025,585059.44
923059252,490167.62
1431700210,254487.52
8635760480,564566.06
9175600025,1582297.8
7922720250,553277.4
8944360390,511427.12
8948500065,221667.86
8669160310,277706.78
6117502745,470219.47
1789800020,369681.3
226039186,329649.3
6457000080,261916.36
9557300080,552559.75
8562790480,658889.44
6430500008,507581.22
1604590230,806596.6
9542850290,685288.25
7831800395,284374.3
3317500030,1178216.4
624101110,757275.9
3654200039,378749.56
7856000150,802477.94
4338800685,290114.78
3211230300,407523.44
3904910650,585528.3
3598600088,254180.2
3796000400,361144.12
7972601280,448704.06
1450300050,255103.5
7504050090,786298.7
9202650130,517079.75
2419600075,366845.7
1224049005,792642.56
7129303240,334630.8
1922059135,230268.77
7852020250,665845.5
4139910180,1629122.4
4222300040,265175.9
1024069027,968529.25
8944600620,516071.8
5040800060,750219.1
1036400200,640665.3
7899800915,228231.58
3325069025,543694.3
9408300310,583652.3
1773100604,373407.1
5451100490,972527.7
9536602080,180931.4
9828702055,373835.0
3362401758,475509.2
476000333,447586.44
4364700730,310963.88
5559200020,234035.11
7522600110,247873.1
104510440,232720.62
8820901275,557041.2
3298700125,260022.38
323089172,417184.8
5364200477,595443.75
2222900082,381572.0
6641800020,614991.75
9358001422,332077.34
3438501150,283047.72
2206500430,496746.97
9272201318,605053.1
585000095,596866.75
7708210050,498485.75
9407000840,300466.34
4027701265,521015.03
8644210050,757111.2
8656800020,388055.06
3329520170,212826.27
5104520720,310561.38
3806000005,164674.19
2330000015,718379.44
1447600410,275432.66
8641500252,406789.56
6084600420,277524.62
441000115,446772.75
2597490030,679843.1
650000030,702040.06
3585210200,396786.12
5416501030,397863.03
5406500170,634091.44
2916200065,439599.16
3330501975,464867.56
1774220070,610817.2
8731730710,206757.05
7861500150,413614.28
1402630190,373420.25
9117000230,308957.62
7133300380,745960.6
4232400470,703826.6
1773100972,324166.72
9413400165,275228.38
7658600025,449603.6
6909700040,976378.75
1402900380,288111.12
6625910100,473148.78
3204900010,608840.94
5162100820,332489.62
5560000480,160084.19
1704900303,519771.3
8084900170,1563007.6
2887700091,720903.6
4331400190,284051.75
3762900130,395571.8
52000067,582875.25
5430300120,805743.25
8956000460,626239.25
8856950310,258885.17
3364900156,330083.12
9310300211,303994.53
6448000020,1475434.8
123039570,379029.25
7600065,545181.9
3123039171,449004.56
8964800445,1633808.8
7857000732,394606.84
7525410090,573840.75
9541600350,722881.56
3186600515,803168.5
4123820450,324686.22
2505500030,1009204.2
1541700240,327015.3
6629300120,378914.66
7399800150,472005.4
9517200180,367959.56
1313300340,478437.22
7967650010,379707.94
8807810090,383884.62
8815400670,818243.0
2310030500,284012.5
2241700075,300653.5
2287400030,298795.56
2827100075,268749.38
1310700390,316558.97
5498100010,450796.3
723000114,1422555.1
6431000987,442090.16
3356407665,213218.16
7852110050,541690.4
8677900123,448091.25
1917300260,224966.11
3396800280,579460.0
8691420050,840299.44
9368700006,291545.38
339600290,414660.94
1592000250,611082.25
1471701780,337114.8
8928100205,686455.9
5029450100,210345.95
5493110080,2413904.0
7883603750,293830.9
1732800175,872358.56
1518000290,352474.88
8604900017,564896.75
5379805160,281847.97
1254200835,576280.7
3179100482,445739.0
3313600266,192561.06
976000879,660863.6
8819900220,669718.75
2130701535,320743.16
1176001124,575566.1
7893805650,296332.62
3885806840,825046.8
3625600190,1401692.2
8562790150,838034.6
7348200115,209052.05
955000453,499703.3
6817810310,385232.4
4040400340,470393.5
1644500050,739773.75
8029500100,330897.22
5244801230,715670.2
1115100119,368694.06
9542400010,853455.75
423059387,562821.6
4023500990,284016.0
7899800857,324480.97
2976800796,219927.94
1074100020,306184.84
446000010,556642.94
7942601200,443582.22
3575305495,813778.4
8691310040,758320.9
6117500430,714709.9
3924500130,601104.75
2028701075,480422.47
4330600360,237000.8
1324079082,451553.16
9268200484,698810.4
9828701605,585308.4
7518506715,991817.9
5315100277,1271346.2
3942900115,399987.06
1561930020,453076.72
9510970090,627856.8
6163900821,343264.9
9510300220,539097.6
3869900146,280445.16
9262800208,697364.4
2522029039,518572.16
6865200095,683244.44
3782760040,472673.44
4237901250,609784.6
2891000610,230663.52
2749600095,491243.97
5422810010,368015.38
3629980350,743574.1
2459500070,280686.5
5113400364,648717.6
7533800885,734106.4
629410190,741990.25
8651431100,186033.78
7960100050,555541.94
1842200040,440467.84
425200205,235966.3
9477201470,360740.03
7905200365,548993.25
6381500635,309296.94
6052400175,362907.38
1236300268,508752.06
6072800265,1836690.1
3423049311,223283.95
3755100540,375182.94
7852150120,364813.8
4180300050,353497.6
7625701935,326598.94
7132300550,417083.38
3025059093,3220235.5
8161000220,462111.6
7852011020,572610.75
2599200160,314229.1
5536500020,534241.56
2095600150,264865.56
8910500226,403721.3
1681400010,785170.2
1424069110,710054.06
5127001620,311035.62
7940710070,405383.38
2413300980,291568.47
7853400250,606424.5
9542801310,295131.2
1890000169,498675.97
2720000120,277073.72
9424400105,491343.75
7888780090,273855.62
3501100280,371069.8
3905100220,490213.9
723000150,1043282.44
8691310980,721971.5
2297400250,458291.12
2892600056,224232.28
5273200080,537629.2
5145100460,457955.6
5561401260,528864.6
7732650040,951079.7
7504101280,934374.75
8581400345,275495.44
7129302800,403992.06
9551201560,578214.06
1546600020,642411.44
2648000071,264358.56
3339900640,219988.97
7853301240,455222.78
943100262,282497.56
7202430150,833754.6
3558000120,333496.94
3890600150,467221.4
7452500315,259854.8
7173700591,700813.9
438000015,704902.75
928000020,378860.1
3830700010,393007.3
3845100640,378674.44
6675500112,386910.62
1773100920,343986.84
9485940330,419356.4
5561000600,493513.38
1786830090,597730.9
2011000020,252720.28
8024200681,391581.94
5452301810,1783522.0
5515600075,269225.75
357000135,1228128.4
2541100010,594530.75
1090000036,601647.9
3459100300,412868.66
2450000295,1071739.2
162500015,375294.6
2592210290,781317.4
5101405265,500864.12
1122069019,716279.94
7501000220,855056.6
1310900140,322488.7
3298700941,232402.36
1972200382,419620.44
5100402764,497436.72
2623069069,670130.9
6372000280,524804.0
4305600240,477659.9
2767602094,549456.75
2500600289,182112.22
7203160090,837628.75
3521069146,597466.44
824059321,1645476.9
9348700610,834823.94
7228501745,505906.22
6021503656,438735.56
5437400630,549742.44
2207100740,417880.47
7202000220,436185.66
629811340,729683.25
1324079029,266769.1
418000010,200505.31
6303400290,198919.72
4139910030,1328987.8
3023039066,379237.88
8698600395,196120.95
2799800710,358049.12
7351200050,705740.8
8564860270,507767.62
2591830020,404178.2
4139420430,1594250.2
9828201725,496989.1
2420069604,272085.94
7224000315,187618.25
3861470120,2045210.1
3222069151,293356.03
3869900155,357896.88
123039346,299159.94
305010050,650863.6
2141340040,679991.0
7504021310,689471.9
2436700315,560722.56
8732750100,353666.53
3298201290,345507.1
9241900150,976696.4
1180005220,248918.02
5540000050,285135.78
9211520400,238990.19
2623029078,425953.0
7132300695,440370.38
6430500219,455752.75
6084200100,372700.53
7140200280,260783.8
3904910610,653960.9
7625701900,461041.47
9432900560,343497.06
1388600110,241045.7
9126101201,338089.4
4224100030,395940.56
1109000390,601401.8
3336000296,242294.88
7504100590,779603.25
2025701060,252477.94
7527410080,578039.8
7304301045,274810.56
2591840050,421037.47
2767602490,461843.28
5494000040,1262889.9
2473251090,276742.8
3825500080,519448.25
2309710150,339308.12
8901001335,678124.6
1781500435,456881.16
8835220200,330677.66
4037500335,529120.94
1338300180,1724533.9
7968000120,254559.36
686050100,914924.4
1180008315,237012.33
1657300280,405360.56
7856600170,735395.7
4154303125,646057.9
3295730050,582274.06
1777500090,663950.8
203600470,644394.0
6673050020,415640.8
8731980680,273265.25
2273600260,575910.94
1000102,315027.53
4197400005,546370.2
3378100100,272422.2
7856620210,746451.7
9275700765,957172.5
1246700136,425727.62
4239400740,157982.88
3306300630,195278.67
2524049056,1036667.2
2023049245,233278.6
3210400340,273541.1
2621760350,307111.88
526059183,405376.44
8078460050,658559.6
7504110050,660347.6
3876312840,407043.38
9268850350,352799.1
8085400490,1121174.0
2722059185,452986.44
3644100101,336262.62
1321700030,657321.6
5608000630,1350115.8
825059349,1424789.9
6083000071,214144.95
9164100105,559808.4
1425059145,455294.44
5210200184,551443.7
9477201370,448534.62
2927600630,862360.56
2619920170,824091.4
1560930450,564807.3
2896000510,546247.75
3034200067,593572.1
4025300360,368717.97
3362401295,531544.06
2391600555,389831.06
7550801170,499419.38
5347200175,283840.8
8910500471,415604.75
7199340560,461513.94
9266700175,400798.1
808300270,430535.7
2487200875,445770.03
8728100781,346232.12
5379804888,279691.12
6619510060,470970.75
5416500680,414827.8
1862400087,488246.84
2126049277,407284.12
4137000070,316821.4
8081500060,2441767.0
686800065,947827.25
5561100180,551553.1
798000342,293731.72
5603700095,558726.2
7151700585,1372679.0
8129700565,586701.56
2782100260,665989.0
7011201106,440074.4
2423069084,556644.0
8141300300,327015.0
6601200040,283092.53
290200230,650207.8
1423900220,239194.72
7303200450,245371.08
3755100220,373654.7
796000235,232221.8
7237501040,1124530.0
7203220400,885542.06
9285800275,843079.2
2061100435,482816.38
6414100025,539679.9
5317100750,2592592.8
6145601000,412470.78
5634500775,489189.72
7375300160,599747.7
9558050360,519103.56
4151800420,463081.72
3751600146,189529.39
5302400080,533484.0
357000005,599231.44
7283900306,460522.94
3738900105,332726.88
6822100305,616712.0
7436000205,545666.7
3295730040,569660.25
1526300015,380443.4
3294700101,265102.84
8864000970,229751.97
5469502700,376689.8
8078520310,254096.11
6154900130,334313.75
8945200830,184117.16
1085623630,409089.2
4013800131,231465.62
2287000010,653763.8
546000930,628512.8
4051100390,235779.6
7203100120,672743.44
7523850150,278855.38
3826000665,289574.66
1311800560,217755.33
2877102180,511622.72
3221059044,733150.0
9169600110,577258.1
9510920040,766429.6
8813400155,772583.75
3896100130,1184730.0
2568200740,752558.75
1217000340,295658.25
6430500086,433331.0
5634500234,528053.75
825049073,485144.5
2391601445,1163636.0
7881500330,476857.0
1721801591,139423.8
2473390710,315885.53
5634500891,348707.47
5515600163,490955.47
2560805630,241191.72
8078350280,629565.6
9477201060,400351.88
8827901350,783594.8
3560800040,404571.56
3034200370,503627.34
1328300040,349107.44
2483200010,608641.8
6071800480,403916.94
6200017,226590.25
8149600065,886517.2
3362400615,487259.78
7518502945,521860.9
8001210120,264777.4
8682280340,479706.88
3623500408,2623864.0
3764650070,455763.2
7937600380,380473.88
923000580,715452.5
217500005,406551.44
5419800510,243514.53
8562901250,551702.0
2212200100,286013.28
2310100240,352843.16
8582010240,616546.75
8651410670,181722.22
3330501645,280348.88
8113101232,374227.75
7849202190,306412.4
1864700300,313964.0
5231000060,293427.1
1565900070,242046.6
7555220140,683744.4
7518505160,442700.66
3322049005,606571.44
808300550,423306.62
66000265,429683.75
2880100675,393027.2
1524079156,391893.88
3625700010,1789524.2
3259400024,343004.1
3205000310,364002.7
807800190,261707.88
2783600210,451156.72
9290870040,827190.5
2561360120,420532.66
8857100180,425253.25
4388000070,223960.0
3860900003,873067.7
1176001119,578080.06
6084600330,246950.3
7985000100,226430.62
8026200080,354440.44
3210600010,713200.3
7558300170,520125.88
7852180340,450818.66
524069011,658154.06
3361401011,147664.55
6117502455,281635.16
5602000025,224095.03
4142450490,311996.12
5306100255,363482.7
1795900120,549638.1
1193000280,868442.25
9238480120,527442.25
3630200780,894812.4
1250201130,483802.28
7796000095,1319537.4
8635760040,495596.16
9476700135,299629.06
5249804510,506640.56
40000553,242724.6
3204300625,768875.56
2596400050,388551.62
2724069103,375534.12
3744000040,449055.5
7525100590,435854.66
3705900292,437175.97
6169900790,1651421.0
8127700735,1030795.5
3761700067,1106233.5
6065300570,930744.4
4022902050,502915.56
3886902590,575656.7
4107100190,2000586.0
2909300150,658965.5
384000135,471163.5
1005000036,399359.28
8856970530,313043.44
3448900320,594901.06
6713700100,382965.34
2260300060,2039830.0
7273100026,699453.8
1277000020,905832.6
2620069113,344816.2
4166800080,326579.62
8731902680,255274.11
2599200830,223496.16
7569500010,676111.1
1825069031,812902.7
4443801495,586034.44
7805450110,743395.5
3345700207,552152.56
1560920450,827495.1
3629950010,425951.0
3782100035,284807.22
5561400340,672568.3
1898310110,255635.64
2122039094,676595.56
631000040,581442.25
293000145,363684.84
8121100015,427033.72
3205200430,397461.03
2475900565,314492.03
1651500040,2086865.4
3955900500,412980.5
7907600100,298140.88
3123039136,331484.7
3972900735,272267.12
1424059130,478560.44
6792200282,254342.42
910000104,254459.84
3751600784,330234.88
946000295,439995.5
7749500070,336768.75
255550070,333165.38
5151600340,291454.22
5415300060,554965.25
287000110,564694.75
7585000110,204343.19
8121200460,502722.3
6891100090,904240.2
7575600100,299916.66
4240400140,584180.75
4046500510,313421.62
2944010240,1058832.9
3449820380,563734.3
7203102140,348798.94
8665900291,536760.3
1775930010,403051.53
1118001631,1283448.0
8911000445,326357.94
117000100,637729.56
9284800085,464048.56
2795000080,489539.75
123039207,315046.75
1312200080,225234.02
1236300290,1224852.1
7549800168,444485.47
6891100260,899405.0
6072000910,521962.94
3226049184,400186.6
1442880320,505427.34
23500190,585985.25
6021502070,562542.06
4168000110,196361.25
792000006,166913.52
9558200210,230319.72
3840700757,655477.5
3876311650,557737.0
1328320800,328842.3
5006000170,253082.06
7575600430,266523.2
7686202580,197688.94
2524069097,2080187.1
4292300024,364757.8
2726049071,370369.44
3526039019,736567.9
3300701365,436260.94
1274500170,216448.25
7282300095,281526.7
8562740440,718308.2
3761100045,2711136.0
2877104265,906455.7
7940710100,516953.53
6071000030,794028.6
6448000100,1628401.6
2923500230,2638015.0
6751300375,437155.56
7214810350,438246.7
1088800470,545087.25
7129300420,249557.4
6149700405,312496.7
9521100855,475791.3
1861400116,700049.06
2787460720,231872.38
6073240060,616779.06
291310100,423992.66
1247100035,1066740.6
2626069030,2450748.8
1326059085,536893.44
6447300265,3234004.5
8651401270,182289.62
3524039209,836192.9
3226069049,1100844.0
7548300425,409174.25
1438000360,495683.12
1777600900,741517.7
5244800695,522060.5
3387900390,251452.12
1954700615,1092024.1
1026049036,297757.28
1683500180,234363.44
1939130420,647963.9
2021200530,1024619.94
993002325,429072.78
2780900220,279121.44
2540800390,456658.56
2919700540,606167.2
2787250090,525384.94
8651442520,264827.66
100600860,210244.06
1437580480,994171.2
3886902505,691996.8
173000140,408530.5
5151800045,510105.6
3010300240,510507.6
2085200261,308131.66
1839500065,271277.03
1049010300,408461.94
1328340540,302206.7
8887001625,469322.56
5332200320,717819.94
7137960030,285764.9
5468780250,338151.62
2436200715,612992.06
5137800030,307245.2
1068000520,1310671.6
5379805121,400096.56
7445000105,443231.25
7942601895,671012.1
1727850350,1117412.2
9407150310,313887.06
5569620550,728983.5
3179100480,478505.66
3624039111,255184.53
7844200050,315750.0
3304040020,372565.84
7739100155,722357.8
6099400053,182371.19
7468900270,190898.97
396100025,348649.94
1160000255,357454.8
6300000320,380788.62
6392000570,364900.1
7387500235,338957.2
1121000058,577573.6
9828702120,533526.25
7715800310,429049.88
8562740370,733387.75
5637500070,390192.94
5561400470,619987.25
1189000205,447450.72
2412100025,387746.88
1073100065,327289.25
5160300020,539648.5
2770601677,540919.6
5104450070,454243.12
820079043,387003.25
751000190,347755.0
1823049179,376143.44
7430200060,1301979.6
3331000035,485119.97
1775910370,521011.03
3626039299,522132.72
1546600125,673815.06
3260810150,323456.78
6817800330,285939.1
414100045,382937.94
1326039061,378493.2
4055700030,1112367.2
1225069038,2598551.0
2296700260,431322.3
2822049160,235133.78
3395300260,494816.0
5144000036,341032.38
809002290,806785.9
7334501410,338940.72
421049114,181881.03
2623069010,860556.44
1133000144,558406.56
705710290,348413.94
7313200120,577740.56
1269200150,292933.03
9264930970,323550.56
6819100020,1863176.1
5112800421,278998.75
7846700850,251243.34
7227501450,255370.05
5451210150,645160.75
4140900140,423221.03
3537900180,861571.44
7738500475,419302.44
3541600450,396457.8
5379800040,315090.62
6664900330,274925.38
6056100312,354541.84
7766200013,558205.8
8651720470,456111.47
5690500095,850499.0
5423010180,761842.25
3204300610,510395.62
3425059066,578117.56
7856660130,1063513.5
2954400520,1177421.1
2327000110,865732.5
9526600340,732959.8
7695500200,457113.47
7237501180,1140218.8
2008000550,274360.16
1123059126,512448.47
1775500371,784860.25
3459900230,1695022.9
2619950310,490090.97
1771100330,316027.16
1321059097,365104.44
2420069278,293687.75
3832050570,312801.72
7132300525,496530.03
8691410700,719049.75
7967000150,329378.4
1328300810,367073.2
711000110,1269229.9
9485951460,443213.06
1771000970,325651.56
2817100900,254169.78
6817800630,393245.4
3558900450,489888.62
7215400770,391328.8
4222000320,217710.28
2791500270,265688.53
424069018,813385.8
9547205180,691669.56
5631500947,556995.0
1425059193,1199309.4
567000775,417316.56
3904900610,501753.8
3649100346,420652.6
1624049228,490762.6
1559900080,349947.1
2919702040,584682.4
4013800206,200929.5
1025039292,1194841.0
2771604640,736848.2
7203600550,270358.62
1545802830,275627.9
3303910010,619848.9
8617000060,862918.4
7889600190,258381.02
3325069064,512507.12
6300000337,533322.25
1172000150,295229.72
3348401319,354923.78
4188000490,857905.6
7779200355,687866.1
8029900110,435366.53
4060000290,219456.31
9475710040,377353.9
798000535,235010.94
6415100410,404318.9
4299700095,308503.9
6117500955,398710.44
2421039075,223323.14
3362401935,517269.16
1545800205,292333.6
7645900235,770273.7
4141000060,1142372.8
9485800050,678960.0
2436700280,823228.9
7335400400,230826.12
9294300495,743109.1
6649300190,409964.44
7950303270,381082.5
2391601010,421325.88
8129700728,611297.94
7871500685,666461.1
1498304065,538903.3
3862710010,433775.06
9209900335,533846.9
952006857,328252.66
2322069168,603315.3
1775801090,458895.56
5700002165,533018.7
4029400080,404118.44
7796100080,873087.7
9279700150,1786541.9
3876200060,425957.5
2934800025,304481.38
9359100101,960323.3
3330500335,337964.97
4027700466,363180.2
3204800430,395638.6
5415350770,714769.1
1443550020,499720.47
2810600022,309875.03
1238500281,562057.25
2591020140,455427.3
7137900960,235930.08
1328340630,292914.06
3529200190,329857.47
1624049291,776860.9
4083301120,676109.9
1873100060,677610.6
1773101159,287374.06
7214700350,523031.28
3856902250,579850.8
7169500130,495267.3
4038300010,419965.16
9578500810,408567.9
3345100184,358754.28
452001860,505749.44
7905200037,503576.44
9376301110,458645.72
873900240,290714.97
8682262400,401969.44
7227500910,173320.31
2392100090,497091.5
3221079050,421883.56
4307320280,343963.88
3211270170,485622.2
726059483,711405.6
424049043,744633.6
6865200140,610859.1
1155640050,426619.75
4139430250,1480065.8
818500100,201846.19
7999600180,184023.77
4099501215,788014.75
4046700140,410227.25
8857600490,208889.03
8677900120,487157.56
5379805253,188399.47
9211510410,233991.14
2337000150,266520.4
1423049029,289826.06
4036800580,464897.28
3942900010,386525.94
3438502715,384610.94
7625702441,372018.38
3905100610,515826.78
2218000335,491299.25
3034200516,391823.62
8024200625,396691.56
8564500020,342068.84
9550202700,470379.16
7518508625,654343.9
1822350070,391510.6
8921000040,825979.75
6648150090,1609321.2
2402100675,697587.25
42000127,281476.47
5100401160,479986.5
7347600507,240427.89
1839910300,320898.6
1250201550,776614.2
9460000010,301193.03
3356402232,204732.33
6819100150,646314.25
8645501330,278786.25
1556200005,872806.25
40000228,177981.47
7300410010,362024.84
4299000030,364188.44
2629600016,536765.44
662310900,362377.53
1909600046,470590.47
7893207490,218557.58
2524049318,1768065.2
924069210,717037.2
1591600527,322586.8
98000060,1221039.5
6392002020,616713.75
2719100400,432674.84
8018600655,470255.34
2141500020,445364.25
3277801580,499953.56
7237500110,1094597.4
626100023,571834.2
4319200820,339190.7
1422029138,557820.56
9517200610,390886.44
7334600280,291337.75
8820902400,557353.1
8944600060,544831.56
100100050,318736.75
8074200100,246767.84
1836980240,782784.4
6648500440,320178.06
9530100225,681384.75
2883200875,631442.3
4218400175,1128183.2
1022069183,628607.56
6398000171,533720.1
5021900160,631904.94
8078410250,571788.94
7972602490,294968.8
1962200435,814142.5
7221400285,244514.72
273900030,243409.58
2708450020,481449.4
4083306616,455320.06
3034200435,592879.7
7855000550,1279118.8
871000155,599826.06
8024201714,531728.56
2625069038,1327013.2
2324800350,816979.8
5450900010,1512736.0
1822039225,541542.6
2460700700,279598.06
6679001060,311585.2
2422059111,339501.38
1250200345,264054.2
5589300370,343202.38
2021201000,1401526.5
4302200336,273124.8
1328330290,334374.0
3438500781,392081.53
5453700020,695677.2
123039147,368769.66
8691310070,870358.4
6450303785,323811.72
114100234,487573.56
9212900820,484767.56
4270600025,313239.94
7201600190,482153.78
521049227,670641.7
6300500479,438464.1
1432600100,214075.73
1024000109,324816.9
1430800100,330518.75
9164100125,551064.1
1925069183,511115.53
7852160080,892073.9
5317100780,1452885.9
4083304835,544759.9
9478400080,778146.6
4463400195,214962.81
4232901525,518345.7
3845101070,395605.0
1843130980,303180.1
3810000480,317551.94
7137960440,285408.66
1231001115,362983.16
5101405340,509621.28
3723800409,562292.1
8651430370,192667.23
6135300010,233245.89
23520380,471290.22
2935400100,537098.3
6137500320,982010.7
7841300230,336771.0
3521069051,471256.06
2621400080,295880.25
5104530240,346507.25
2022069200,462317.44
5469501850,403806.0
9206950110,294060.47
3298300210,367038.88
2810600015,392775.38
7298050090,509949.47
7202290620,475290.66
3211290370,423024.12
1591600506,344429.0
2827100070,336808.25
2482410130,376485.44
4364200125,385463.94
6388910730,562391.3
7436500120,527425.6
1822059156,758200.1
9432750190,476474.25
2205700405,440770.8
6056111370,305689.44
3205500160,398385.1
6139100076,385973.03
723069135,429544.88
4123830070,307691.2
2472920740,432438.88
6134500220,619941.1
2734100395,259544.47
3574800090,429873.94
3126049107,560614.0
669000210,1055917.6
1139000620,321652.0
3825311190,706516.6
7300400320,379631.2
9407150250,288029.8
3679400503,310817.38
641900050,386887.75
9169100130,576386.75
8091800140,324685.28
9547201155,530988.75
4154302045,283663.03
6638900265,726936.9
1423069063,430888.12
3335000025,434723.44
9269200650,266410.62
1781500180,364983.97
9211500520,220881.16
1853080150,818588.75
2767704756,454477.12
2206700295,441108.5
2557000380,285558.94
11520200,771736.94
3832710680,247078.45
2569500210,337385.62
5230300210,240249.11
6447300225,1602661.9
5035300325,1131829.0
7853301660,747300.75
5411800250,365863.94
7203210170,696234.7
4302200415,311780.75
7942100290,223851.75
3629860160,778234.2
1423069076,556741.1
525049085,575169.4
3306200230,232383.97
2193310300,496085.6
7978800621,233410.56
4027700632,441352.53
1761100190,233101.8
2749600245,524497.8
322069141,495883.16
1900000035,197244.7
3361400190,190870.75
1604602050,562565.6
9421500160,483880.72
7788400180,280966.1
1566100625,484790.7
3861500340,244942.53
2524069072,317209.3
3013300980,452908.7
4191500130,593031.8
9407150130,308563.62
3904902500,716571.7
9510900140,250099.92
3368900084,312175.28
3432501415,306612.62
4254000540,483734.47
2767603250,568202.3
2923501130,626606.06
9183703045,288652.1
5279100675,324525.84
3905080310,499530.8
2461900375,745657.6
3346300356,571168.7
1865000110,355046.0
9264930400,298669.34
3447000100,630881.3
2313900510,484301.78
7518507330,581420.6
9368700270,208313.7
1137400420,375990.66
2023069054,295784.03
2141320230,618218.9
9536601295,362413.47
2424400130,382443.8
5210200081,442824.38
4443800785,551117.25
7292700005,522324.44
9834201205,254253.42
3275800050,286510.97
6926700654,703766.9
7511000140,1429915.0
6821101895,641565.94
8964800695,1236493.6
6821100195,665547.75
1226059105,624364.4
2806300070,1390390.4
1720069029,353012.12
6384300020,453511.62
8928100125,596615.8
8562770720,573816.1
8650300130,734420.8
2126059172,466431.62
8812401450,705771.8
6646200280,630423.0
4021100045,513739.8
1155620190,417441.53
6061000010,387980.3
3362400472,370577.53
9558020240,484863.72
7309100270,513355.34
7137950210,322549.9
7849200635,212437.73
1311200460,247788.72
284000095,970715.25
1509700050,312704.78
3438503014,287179.0
9406450090,357944.3
5096300140,406411.12
8923600020,1286059.0
809001070,696453.9
2291400342,297782.84
644210020,812701.1
6700390090,257910.55
5631500285,780172.94
104560120,283210.0
6413100311,378348.8
2558700090,427152.25
1471590060,729327.75
8914100170,540068.1
5652601035,333804.0
7852120140,741618.8
6163900952,362933.3
5215200050,822059.1
6352600490,764708.8
3912000020,590992.5
8830400135,233133.36
5467500040,413758.3
9406570300,416324.75
109200390,219978.69
2025770310,677563.5
1939120450,655055.06
7524900003,2901653.5
3755000120,363452.2
2473002850,519750.5
7625703945,372366.56
9477000190,415283.03
1727500230,418602.03
7011201087,464655.72
5561300750,460543.6
3969300030,192432.56
8097000330,318217.7
2025049064,722834.7
985001321,236073.89
1775500050,445015.66
8849300160,366256.3
2316400285,509803.1
2423020180,628137.75
7128300500,492223.12
9512501400,425413.1
7200179,213567.78
5490210670,520596.8
9527000330,624320.3
1972200326,530620.2
4151800195,616603.8
4046500320,362746.47
9834200885,491113.75
8161020050,544499.1
2891000750,217476.4
3426049031,1247979.1
7387500195,290639.56
6303400395,146489.14
638100015,380238.8
4107100204,2170841.2
537000255,262397.88
985001266,275693.34
1137410040,438641.0
7229900250,235121.23
3905100840,505641.88
8100400160,654816.44
1346300150,2870234.0
1443501020,214909.92
5490700035,345629.7
1954600050,408372.38
8122100690,439162.94
3663000070,497080.6
5101406375,491462.3
426059055,606791.25
9268850160,377022.62
8731800840,256878.1
3331001910,306313.62
7603100020,970370.94
809002705,814212.4
4364200075,291204.72
1113000430,181205.97
1176001117,619336.0
3320000212,400311.8
9286000150,1410705.5
301400830,248944.12
425059024,686219.56
8835350300,533350.2
7100000135,291548.16
7696600240,213806.22
9808640320,979170.6
3764500180,541655.25
326049060,563924.6
4017110200,429150.94
7224500300,241190.11
1560930050,511815.5
726059395,410930.1
8964800890,2231257.5
4045500620,591325.1
8562710250,972704.9
1775800710,358350.1
9528102865,709970.1
8096000060,589631.8
1591000015,286386.94
2310000430,293066.88
3902300350,632311.25
4068300280,256001.11
8732130730,241582.84
6791100410,523206.38
7660100236,412975.0
2568200070,838045.8
7697870310,254869.56
8562901100,604671.8
4016800120,303663.34
7338200180,539499.8
6791400320,249083.53
616000200,425022.16
2917200675,444340.1
2926049086,638443.4
3621059048,415640.44
7987401095,734798.4
5589900590,367685.6
855700170,548753.5
4030500130,294691.88
1755700060,375510.47
2413900050,747946.7
2489200250,502950.1
420000085,241664.88
8106300820,494108.2
8651730580,472581.03
8106300090,449530.7
9842300095,393116.4
9477000280,394141.62
2877102495,468352.3
868001030,977390.5
8564860110,551086.75
6762700452,524771.0
3294700310,200585.83
7231501665,261185.52
7525900050,531146.25
7882600326,1578995.0
104550690,291589.3
3425059076,1268595.8
8835770170,2023259.2
2581300010,1086600.2
844000180,241695.98
7888100240,240390.28
3845100670,471506.0
4027700812,457291.38
291310390,346243.66
9550200370,615385.4
2328800130,278615.6
2372800100,242977.73
2923039264,684253.9
9282801720,302567.16
9520900230,585716.5
985000955,287591.75
1099600090,220274.48
9211010320,534941.56
3825310820,802001.3
9545240180,552732.06
87000245,184801.81
5041300100,577199.75
3624039150,245685.55
1370804430,593667.25
722079056,434438.3
9126100815,496768.75
1770000490,336839.75
3995700250,412960.0
7214820400,401285.75
2473411130,364309.0
1824059079,940811.75
3080000030,456097.56
984200540,297359.72
524059063,1859563.8
9482700475,702278.44
8024200820,500078.97
8568700015,379828.56
1223089050,373136.9
2205500400,472153.5
1279300085,709983.0
7376300085,498474.8
322069020,430490.12
291310150,348900.75
724069059,1590559.9
5255200220,382836.06
1931300850,434261.0
4427100105,419114.12
2881700231,371317.62
8641500280,284906.62
5406500440,655097.5
8078390150,700011.0
8945300090,204941.94
8819901030,815178.9
3179100220,867505.25
2126079046,380670.25
2621750350,332737.03
4014400190,451479.1
7853420110,578164.44
2114700368,298978.25
3438501081,258534.08
6850700670,750008.8
3352402272,266043.0
4157600150,645269.7
8151600941,283534.56
5160300030,570883.4
3820350120,332766.25
7338000800,197240.75
3359500110,787227.56
8016300240,636974.0
7203120050,816410.5
3322049201,242047.53
7231502505,222786.66
8106100105,3865336.8
3895100039,935925.6
1001200035,237036.06
2724201202,232978.0
4038100110,520544.2
8827900015,598517.5
2644900109,408706.66
302000375,227179.66
1604600095,388869.7
2600040160,590583.5
2129700525,318356.1
603000555,341591.25
4083302225,865178.6
7298000090,436446.12
2484700015,535942.44
8945100320,200847.31
5112800042,441388.3
8091411100,287228.0
7375100070,466875.3
7577700061,612568.4
7923700030,470318.12
4235400186,398418.9
1498303700,767224.6
3876312350,406644.9
3797001815,429331.06
868002015,1288342.2
597000550,394611.38
8956200530,432286.75
2207100165,511904.34
7942100180,223727.75
2468800040,352645.03
9842300036,370240.53
5700003985,1868109.9
2988000070,396038.75
8857320260,536460.94
2600040130,496849.78
6632900452,600466.5
7518505910,524528.3
1672000170,627007.1
2597800010,545732.25
8562790720,736926.9
4219401080,1885489.2
7000100711,754462.4
7954000125,598604.25
5700003640,1869667.6
5700000275,683677.25
4019301205,490840.75
8943600360,275570.06
2954400400,1186779.1
1321400060,261511.27
2255500123,610835.8
2781260070,399882.56
1313000220,698094.3
1125069153,1339430.2
8899000310,278148.34
4139450360,878011.6
5511600315,544670.5
3575302575,480145.34
3226049054,460835.3
274100090,313001.62
1545802080,243156.22
6669020500,300560.06
3307700405,470019.06
3760500407,1633634.2
7853270100,707722.4
9320350020,544953.2
7715800430,449549.56
6791400100,355217.72
7708000010,381927.7
1448800010,267717.2
1782500035,353795.38
3449500050,492100.62
2856100515,849220.9
1245000461,992813.44
1219000043,328809.1
5409800110,355871.44
2680700010,619691.6
8143100350,378189.0
2597150270,281564.0
2966800010,321971.8
8854000010,731673.4
2207200635,436369.12
1722059222,289098.4
9358002305,390388.72
6392001950,486724.3
3630080070,391175.8
3797001702,1038727.56
8127700440,652001.75
1446400785,218758.39
5016002275,891976.06
2818100060,1109611.4
6431000748,380769.0
7972600450,319439.06
8078570380,313167.94
7889601320,181902.88
1762600280,963547.9
3026059085,1403735.0
3475000080,572063.8
1370802620,592412.8
5151600285,288876.0
2722049218,334539.53
7696300080,402547.94
4168100020,216782.92
1474000050,451175.66
2473480350,309944.78
1139600270,279923.3
6699940120,379381.12
7016100120,429350.72
6752510010,766733.75
7915100490,593043.7
984210170,318639.2
6159400030,414555.75
3013300968,372861.56
6404600006,239469.77
2770602170,463031.8
1922059401,212773.1
291300010,344929.3
3856905185,503739.25
7304300905,339654.53
3416600185,564904.3
1786810040,684903.44
4354700010,420031.62
3902100175,905530.3
4305600360,468331.75
3622069114,601091.56
4376700570,660672.0
6795100589,556267.75
3344500085,481156.1
2206500105,399401.2
8731900880,367827.3
1682000160,218889.03
5104200380,244328.23
1982201595,564635.0
795002190,202372.78
7228500375,534633.0
9412200280,438734.3
5071401000,857096.8
597000566,322866.28
8151600101,169836.4
2028700265,488914.1
1670400090,157339.78
7851980100,1073213.0
5595900345,420783.0
4046700300,381908.75
4324210120,272119.4
2616800050,551414.8
1525079069,722571.44
9828201020,514335.44
2723069146,724665.2
9468200100,537512.8
2883200961,562571.0
1137300690,685872.75
2473100280,361303.62
723049448,259791.62
3066410810,672665.8
5700003280,1023475.3
9268200440,402687.3
4053200410,332257.9
1234000704,1228347.5
2473372170,431908.44
2523039239,236341.5
4324500490,207903.06
238000244,448462.78
1105000571,351715.0
1771000430,310673.38
666000142,797159.2
3389900800,416443.5
3578700017,556324.5
3629970190,732553.1
255450250,327174.1
1154100205,278979.88
3629890190,1072785.2
3905080870,540850.0
8155820110,311953.88
5135000170,774359.25
2464400435,665881.06
9482700080,541771.5
318900080,439631.44
9477001410,394361.94
825079019,654445.0
1471701200,382553.25
5606000120,858616.9
7853350220,636684.3
1776460110,439156.7
3904920980,681074.8
8087800430,576367.0
3298200320,412415.72
9122500080,308424.2
7893804845,318632.5
1370803730,585266.5
8001450170,296551.2
5561400260,619351.94
7308600010,766265.94
3524039060,312909.12
7300400150,349261.62
207700050,550653.3
5595900355,223007.73
2652500285,824677.06
6744701310,1996096.0
525069127,1259004.5
3334000050,368465.94
8682220390,693281.6
4038700380,570255.94
8073000265,405645.56
9521100960,706896.06
5634500688,953084.5
6813600440,388616.5
1072010350,493252.25
7853301700,682416.75
5141000571,280253.44
2013802060,493171.34
7852070210,1270668.8
1402970070,321844.1
2310040020,366920.22
646910560,278496.84
6647400090,425030.7
8682231110,531950.25
4376700330,601269.9
8069000075,656388.9
7147600220,218884.22
4142450330,262089.27
5101404698,421096.9
6154500070,917052.4
1592000640,603113.4
3756900027,548720.0
7203220130,939484.8
643300010,509288.5
8651720150,461096.0
4139400910,759438.25
5054800110,331740.56
8835200330,427953.47
7682200340,253450.64
7203600745,383383.03
1895000260,236443.62
7922750020,527502.06
5437200050,397954.88
8732160250,262145.75
1442870440,501399.38
1471700410,396025.5
3204800330,367303.6
1923000160,894109.5
2719100013,397930.94
3814900380,364259.66
326049038,466700.38
1068000110,1021000.1
8835800010,1055126.4
1560920200,466344.0
1668500090,731826.2
2597530070,869644.9
1139000035,618652.4
8032700072,548880.1
7732300390,725247.3
5130000080,522742.06
9276200890,516128.4
342000036,450320.22
5126300060,480641.97
2331300505,714641.0
8651410090,180652.27
200800330,442736.56
7520000616,316652.88
7170200110,455520.28
3021059155,215903.16
3582900280,926611.0
7340600845,220382.06
3905040060,554378.1
3224800120,308084.34
6021503740,505650.56
2570300130,457801.0
8121100395,418202.2
3356404198,266736.78
3630090050,741436.4
923000413,436028.03
9201300020,1323530.0
1777600210,639226.9
7738500731,3998813.5
686900010,887121.9
7967000160,340119.38
3413700130,587475.4
7852190290,598801.25
1180007375,685162.1
3353404510,296324.72
7802900380,303608.6
8021700715,650503.7
3205100080,417123.2
4477000290,549975.75
1118001645,1539801.5
7979900806,321287.8
7228500415,618550.3
7212660640,329235.5
3826000735,206660.45
7714000250,422628.12
4400200057,669330.56
2487200279,573155.44
7140700690,290514.56
3304300080,588289.44
2887950110,255483.56
3760500222,695681.8
9269200786,349941.44
3734900110,230063.97
5045700400,549390.75
2140950130,460370.56
2612000200,409733.8
8563300085,434524.9
2425059173,657484.7
8091410930,294473.6
9422400035,609045.94
1112000100,717813.06
1323089056,394360.06
5015000596,818723.06
1535204165,517430.5
1438000430,475838.06
3222059130,548594.94
1982200330,613956.25
6624010010,233757.17
2303900035,4128922.0
259600620,536848.9
6072500490,478489.7
123039633,321758.78
8562780090,314254.28
5249802240,560962.2
6071200400,533911.06
826069002,331105.56
2625079030,722455.0
6742700210,1306396.2
9253900408,1536671.0
2560803085,222954.78
1237500540,451569.53
425069020,1111843.2
9185700440,2372711.8
8656300345,403493.44
4245400045,244782.56
9834201370,387159.0
7853300770,415013.0
9551201295,494606.5
898000220,227763.88
3834000720,356201.5
1245500690,688414.06
4083304190,639733.0
4178300080,737713.75
2960900045,587993.8
1446801030,251347.11
7855800910,744679.8
7853310150,607775.9
8732131090,283443.72
7967600285,465644.94
8651520510,559726.7
5379802650,239365.88
1425059174,477458.6
627300105,893096.25
3124089049,463595.2
1778350270,692859.25
8691500410,378126.62
9169600043,550997.4
100300500,295826.62
3221069054,672354.1
4443800385,522388.72
7922710450,755554.6
7880020030,614175.9
3288020050,333923.06
4136980090,680464.5
1687000240,312827.06
7812801785,246557.55
1126059144,560789.94
792500260,372616.3
3222049055,761565.5
8635750090,676635.56
2767601280,781664.7
5347200162,230752.4
7503800210,272307.38
3394100020,1111460.6
7663700783,413136.88
9454200030,429045.78
3791500050,316311.8
582000185,597172.5
3211230260,433982.38
323059103,370433.38
7297700055,363567.97
1545805460,261770.03
2341800195,322542.5
6648700150,271761.25
3860900035,1931865.4
1980200236,612449.25
1180002745,305977.3
3275890310,676320.06
6840701100,487137.6
8651402750,207656.77
1588600045,383741.88
2422029094,271344.3
1702901500,357624.94
3755100005,502631.22
3624039074,323060.62
7950302995,393730.62
5273200060,640891.44
8025700460,272461.94
280610020,986154.2
3333002450,243157.16
7379600240,519899.72
4058802300,305216.06
302000065,192485.06
9527000180,571554.5
3626039403,344747.44
9510900360,243546.11
2310040230,358536.75
7308900490,646600.9
2206900065,379877.47
324059161,980218.94
7345310100,246210.02
2422049107,337959.5
8146100095,653027.9
87000283,364199.9
7937600010,289311.6
2618300350,225376.9
224069102,521455.94
7129302095,198105.1
7352200025,1049658.6
6163900333,335006.3
3528960020,668132.9
1687000220,309008.6
4141400030,610083.06
1822500160,336913.3
5467910190,357149.16
9331800580,295140.75
2407000405,202426.06
5466700290,269883.84
3026059361,529273.8
1523069096,455888.8
3876312010,432626.56
8832900135,740632.9
9238900616,554645.7
4142450040,287136.8
9282800065,301242.75
5379800862,360906.25
2459950010,275077.22
4435000520,241256.6
1552800010,315832.22
7549800543,288508.72
9828200460,400908.2
6345000160,991614.56
7129304105,336759.44
4302201005,314217.72
2450500110,680846.25
5166700050,576831.6
1085623710,395993.4
1123049129,291425.03
8566100200,945186.94
1774000780,455371.72
9492500170,851765.25
686530530,658110.75
4022907770,587806.0
6052400975,266644.22
3438502501,452793.8
3758900023,1292091.5
1645000580,275414.0
8099200030,238261.5
7635801371,463841.06
3456000310,814317.2
2025059150,756842.6
2624039114,486866.8
3348401095,318778.38
6633900170,534471.44
2600000510,689193.1
9414700020,345943.0
3204800520,363034.06
1844500025,350744.62
4137010590,377375.12
8564950280,524855.56
1338800491,852734.1
4058801702,982138.06
461004720,606177.0
3123059107,623896.5
6819100380,531694.6
1193000390,941594.5
3450300270,352351.88
3110800040,264923.16
1437910090,542632.94
3645500050,430444.16
4338800600,251066.33
2114700530,374465.88
6381500450,347670.78
9206950200,305244.28
4232900940,724042.75
1025049174,1056480.8
7774200070,711326.25
1231000310,452549.88
8155870200,307376.47
7935000625,1187367.8
2426049079,383477.38
4037500230,513294.16
2331550120,316884.25
7974200765,520032.12
686200510,590617.8
4024100670,415710.6
3834500195,476491.53
3526059115,621896.4
7950304075,302355.44
1386800054,317147.28
9834200165,601484.94
6147650300,324989.5
6891800360,545467.44
9170500060,584706.4
65000260,834959.3
7784400130,581318.6
7941140070,393294.16
2122049096,186944.38
6003000851,351496.38
7203220050,985989.6
8898700960,310100.28
5245600105,215323.5
3530470190,206155.34
7883603965,286519.44
4022902505,495291.88
3211100240,337671.47
5119010090,523447.94
3821000100,262502.0
7301300050,377620.3
2171400197,367595.12
9471201175,1527119.5
2473450200,405360.2
2258500045,426258.2
1139000400,464751.0
3298701025,250736.38
1498302774,277090.38
9276200190,603417.75
2909300240,692809.7
1250200693,561070.25
3101500010,352235.97
2557000630,273951.75
1324300091,386502.72
2826049260,464177.8
3342100421,704608.3
3524049083,380596.9
9103000393,1472137.5
3121059033,262434.16
7853240200,607632.7
7950700120,299673.66
1822059057,163098.73
1219000473,282911.97
9272201385,730403.1
1336800185,1210644.5
9268851630,434770.72
2788400315,243190.55
3529000930,541115.7
5631500967,435571.7
2188201010,235514.64
8562970040,792119.6
4415600030,364770.66
2473251170,277812.47
7511200020,537433.9
1163400020,263225.5
5412400180,255000.61
255450400,358631.12
1687000210,308691.94
6749700004,318980.62
2738650030,575462.94
9136100420,748746.0
1924069115,802277.44
714000155,594533.56
904000045,644962.06
3395070640,270918.7
6308000010,633110.75
2695600130,342531.4
3626039279,378565.03
1623089039,235428.62
3438501327,338217.44
8118600025,417943.84
7625703435,883551.25
1807900300,656241.8
1862900360,295267.72
2768100186,473036.44
2524059269,963392.56
1126059108,945564.7
7856610130,788407.9
7203000200,250270.52
3630120700,746812.0
1612500090,206022.69
3586500620,936925.9
5207200360,446174.5
6675500035,411740.56
1781500385,345321.62
1150900080,838859.0
9541600355,820072.6
7525530670,748515.4
844000375,328746.38
9578140180,340390.97
9558041130,329949.34
1788800910,200423.88
9550200225,519639.5
8643200055,257262.52
6143000020,298844.0
8941100095,1153898.1
3630010020,415261.25
2895800610,330759.97
822039084,788297.4
5423600080,571730.56
3992700775,451647.06
3816700150,416077.47
4083302485,728759.7
5127000810,347316.84
1725059182,1181262.0
9485930120,372621.25
293850040,613857.3
8731981940,331615.28
3330501545,295271.94
1026069061,791311.75
8121200710,482979.4
3764390100,442981.94
9493200010,324342.7
2902201301,669450.6
3444120130,484478.7
5256500025,478359.66
4022902715,570088.5
871001500,711058.3
2329700440,186307.73
1773100275,282199.22
7852160070,1008486.5
2141330560,606030.25
2505500009,736068.56
8647800150,335443.3
4337000200,251685.56
9264901680,252110.53
1773101050,323838.88
9320990120,302985.56
8856960280,313238.16
5589300585,296340.0
7935000595,981414.3
7203150080,648908.2
5616000030,315366.62
825059178,3365380.0
6666830390,750948.5
8732900840,664086.3
2095800520,514335.44
1771000760,348423.9
1901600090,389726.22
8857600680,249030.56
4038700830,635197.25
8956200070,393600.72
8081500050,2126570.5
567000755,399572.62
424069264,719274.06
1564000410,850188.44
2817100910,322654.8
3303960080,927138.75
3340401535,200652.4
1622059095,279094.28
3278601940,379035.0
7202380120,468050.03
745500010,792586.6
6608500220,405756.25
8024201055,364725.78
8929000140,423754.94
859000160,306307.8
8673400061,422054.6
1269200229,928271.2
6705850300,779985.5
3395040550,339087.8
1697000370,221410.11
5245600120,244594.95
8892900180,225184.19
1794500360,761755.8
2025049192,534854.4
1930301325,1013320.3
4217402162,1444112.6
8126300410,598085.0
3345700215,599515.5
2887701420,416311.66
2887701251,403071.12
4036100175,633156.6
6762700515,1063474.9
3192000085,192424.12
226059096,1299169.0
9238900855,474278.66
6706200130,334787.84
2744000010,263928.8
7202271060,713681.4
7923200150,572063.8
162500030,323942.38
2571910210,272967.53
1523059105,324119.75
6052401215,269904.7
6626100260,720048.9
8925100115,1240926.0
5459500165,587507.3
7686202635,189811.75
1118001370,1325302.1
122029066,449260.7
8039900130,331708.28
3262300235,1091190.2
8860500300,349286.6
8956000250,534031.2
1646501920,513839.75
9284801500,409443.2
1442880380,466748.44
1311500020,245612.22
254000695,367489.62
9477101280,408484.53
9510970530,674584.06
6891800500,586826.4
9407000230,293244.97
7202340590,665038.25
8151600590,355520.38
9407001600,316757.38
1771000690,307125.94
1525069134,1028537.0
8645540040,291100.03
9414500200,433940.2
7883607645,206452.44
3845100140,326798.3
2726049164,463850.34
4340610040,292659.94
1245003006,1067718.8
1105000373,273028.2
6083000123,213945.94
1777600450,643638.56
9558000100,406341.75
2473002060,307575.28
943100689,357123.25
7544800395,395938.28
1931300090,618773.4
7936000252,519222.88
7987400316,266830.94
5152700060,636092.6
1721801025,215055.08
3438501450,295440.66
9222400510,400053.8
1796700160,272467.66
323059208,357768.22
3392100050,190430.22
4038500210,724136.0
6324000090,435700.47
7549802535,440332.6
3343900326,458963.38
5701700640,780741.6
5249803185,521298.8
8838900032,857600.5
1237500577,954169.44
8642600090,314828.4
3303100075,473156.0
2133020020,365561.53
7950302890,477127.22
2770601734,587340.4
2538410140,342597.4
8159600360,600386.3
917000300,393973.25
2391600330,380099.97
9285800585,481904.16
2005950050,243536.6
6450301835,345933.1
2473480520,310707.16
2818600010,1083459.8
952006728,311649.66
3422049088,322895.84
3629870420,900814.5
1079350090,308685.47
1509500060,374792.06
4039000050,508289.4
5288200230,706187.9
626400020,734044.75
5457300095,1820772.6
5000500055,225510.64
324000530,444564.75
6713100031,436428.25
3316500200,492419.4
3124059006,1366211.6
1125079111,1470097.5
7852020300,488999.44
123039364,219928.14
7883603190,261865.16
9828700900,558024.9
6821100015,679950.75
9522100375,665939.5
2420069201,255757.81
7504110330,744003.3
475000510,557839.7
2425059074,892501.1
7518503685,416969.25
5466400550,220253.27
7852150720,418669.88
3066400140,616008.4
3298400470,511252.03
2902200874,734271.6
9500900110,207716.58
8835200160,340401.7
6056100295,283436.4
1858600042,353863.56
7224500010,280435.25
5457801925,824845.4
7575620750,269538.16
2391600735,446239.2
6192400180,796406.9
5249803870,503931.47
3575302880,392915.88
7225000045,201775.75
5561720180,269238.84
1972200428,486969.44
892000025,174096.44
2944510080,285886.75
2428100100,761629.4
6647400250,455762.75
121059038,410179.12
6398000191,512101.12
526059103,297388.34
8856960720,294245.62
3832500260,253483.75
1623089025,460986.1
3625710080,1102881.6
6446200060,710533.6
5706200370,457359.8
5515600088,219101.22
8029500360,339966.62
6700390150,256241.2
642500080,393547.78
6150700264,364388.9
2473371780,385037.38
3905120540,582843.0
2652501215,712918.1
3176100110,680867.0
7574910650,814666.75
6385800030,310073.97
4443800960,555596.0
8731951490,285616.12
3380900125,347705.6
9828701508,643131.75
6699950310,361625.25
3321049112,425512.9
1824079052,1053527.8
8032700140,826800.1
8679600150,559291.8
5040800120,868179.75
2026059119,419167.7
4024100951,479468.6
7212650990,324026.72
936000060,367282.94
6181500340,330017.94
1137400050,405233.78
3324079092,431972.28
4268200055,276321.12
6145602240,355133.72
475000176,452487.3
3279000120,230793.33
9392200030,256202.84
3438500714,373945.9
4306500070,360234.66
8588000610,189415.0
792500190,356014.0
2461900850,453579.53
2660500365,337213.22
5451210100,800678.44
2787000040,304022.94
3278602670,316893.94
9528100899,671180.44
1324079085,386142.75
9477001140,390254.34
9521100880,676247.2
7853210060,426707.22
1326069094,462884.78
3420069065,365417.94
5468730280,266675.5
5437600140,322251.03
5127000410,355178.75
5445300050,596010.7
3375300360,237768.03
9297800165,568834.5
6021500840,627053.8
4323700230,444468.94
643000110,262157.0
8043700105,3061535.0
6824100014,456398.62
9542830480,341634.25
736100065,991008.56
2592210510,879740.75
4233600260,1067668.8
1266200015,708199.0
2787700060,333259.12
8843900396,337796.75
8029500380,276800.38
5292200010,436745.94
1773100980,324475.72
2886200070,540050.6
8594400110,379389.44
9268850180,323493.78
4141800285,1574159.6
3188100007,456177.6
1796380960,264459.94
7202330030,478733.44
8078440140,548396.2
7983200060,220644.73
4427100025,412053.25
2113700510,277734.84
6446200305,692706.6
3425079088,631494.1
3304040130,356457.38
3222069153,291537.3
5127000470,359659.0
7525100520,405562.03
1868902745,849699.6
2920700220,381312.25
1105000780,417108.44
8563080020,848971.5
3630090110,770075.4
856000195,2094258.1
8649401000,256508.69
1315300095,731369.9
6802200670,252740.77
1523069022,341809.6
2624049165,417453.88
1972202080,583104.9
7211340030,274530.8
8850000180,367551.3
2787250080,534302.25
4235401055,494772.56
5226500250,479068.2
3294700421,341455.75
322069180,681111.2
1025059186,520987.2
1923039022,561552.0
1402600110,385836.12
6817810190,385073.38
434000030,633610.3
6056110460,616177.0
4337000285,256420.16
5710610250,572171.9
1049010620,247884.92
5112800234,386518.2
2309000060,547740.75
2985800030,465821.72
1604601570,397048.84
1563102435,778978.94
257000105,191744.86
6788201440,810219.4
1442300005,409109.1
4055700784,862722.5
3889100029,758090.9
4139450760,1070997.4
6079500230,652152.25
259601010,431125.72
3980300020,289912.6
9390700100,492359.75
7200001005,521350.03
9264920250,268141.88
8682260470,435935.72
4083303815,843359.9
7383450250,365425.25
253600180,411407.3
1450000210,175084.8
1133000100,437967.2
7511000050,1216235.1
5710600030,579793.9
4178300310,713343.9
3041700570,508442.12
1238500978,415074.38
431500155,603206.0
2937300050,1026202.2
1352300315,194279.5
3277800823,345489.0
8895800110,1062883.8
9274200318,621068.4
1118001805,2119916.8
629810720,807380.06
6852700476,589961.44
7345200650,229638.28
8929000290,453679.88
5506500170,570127.6
8899000140,253986.36
4006000423,271807.4
7137910140,244464.36
2423020010,436865.47
40000362,175788.5
1657000070,228042.72
2124700015,217921.94
1887500045,256173.03
6838000170,469094.78
1310910290,318467.84
3599600276,205965.7
8142000080,365399.12
8856971000,288241.94
624100950,780143.94
2767704332,454902.5
405100165,382444.88
6117501755,419426.4
8961950410,320270.3
1523550480,570918.2
6840701160,551954.6
3331500650,275884.8
1862400517,373523.56
9558021000,359257.56
1310800090,215250.4
5104511040,352344.16
522059189,249946.6
3448720020,380671.7
1310700330,284161.78
5649600462,313646.47
1853000510,1073055.4
8128700005,292558.1
6352600210,831067.44
3754500010,845871.4
1962200475,873291.7
1773100765,258482.8
8895800200,957843.7
1310900260,321153.62
809001525,918100.7
2624049103,313363.94
9191200380,623313.1
6600060120,442592.16
8150100045,264917.6
9558010190,355768.62
4038700930,582727.94
2883200775,633328.75
4036800910,476114.5
8673400177,577728.44
7110000068,791393.25
3279000240,228453.05
9545230280,504417.56
8815400105,568035.44
6738700075,891255.9
8732030490,283055.8
9532000070,541100.25
7752400075,529232.94
3824100051,403623.9
2768000270,509196.7
108000127,497160.22
844000225,273556.75
6817850040,997955.6
4447300137,918383.56
8598900125,368241.8
5072410070,494808.9
7129300520,228514.92
3830210020,194025.64
4137040250,299869.47
3022079080,681346.4
722039087,285110.5
3924500040,708363.2
2473381090,351571.47
2201500490,393828.25
9265410090,223400.25
9286750100,396344.78
2023700040,589022.0
324000280,671501.2
3814800280,347147.94
7697100030,489778.38
8731900790,299516.22
8044700010,588513.3
6123600100,201201.22
1450100390,171514.55
579000550,429746.44
2459000020,304364.1
5016000315,480523.28
1193000190,834515.1
4038700730,580562.4
1556200265,726592.44
6600410170,208132.2
642800130,736952.9
1043000100,374699.5
7809200055,244888.34
7010700308,1074179.6
8680500090,563377.44
2719100355,617601.3
7905200147,524835.06
271200130,238176.08
326049103,509862.9
8682211030,417741.4
1070000390,1164086.8
8648700450,631280.3
2695600410,455624.12
8562710640,1008885.7
1525200060,614233.25
1822039138,680510.0
2767601375,509261.28
3425069117,1281251.6
952004570,357173.0
7625702616,311797.4
9818700430,461403.94
2822059091,250217.77
1775900220,341449.25
6371000079,638202.9
293760150,959677.9
1336800880,1333137.4
2771600550,1096837.8
3905040040,525511.7
7787110060,436665.97
7708250040,361203.06
4022901316,503756.56
191100235,888446.9
7852050220,349356.22
3293700480,388512.75
2597450620,1391679.8
6169900580,1488155.9
2767602855,730468.6
810000080,1002791.6
6392000625,524006.84
1865810290,194900.8
1568100380,335075.97
5249804760,390062.34
1337801060,790347.9
6181410950,257355.03
9264900660,290906.3
9122001231,603044.4
4427100030,376124.78
7334400070,283102.25
425079001,700673.56
7436500360,500327.5
1245001295,734478.25
1310500550,297653.06
4047200950,280397.28
9103000455,779751.2
2291400341,314463.22
3876100310,390056.4
7131300031,278041.2
7853380510,664304.9
7409700215,600348.0
5248800250,418513.4
126039323,399102.66
6632300207,382686.78
3826501060,251087.89
8024202520,399712.5
3343901401,481176.75
6431000005,570597.06
9232900075,347348.97
3056700150,228159.97
5104511250,454163.0
3658700510,651313.1
2895110062,304959.12
7454000990,254144.1
4038700680,633632.06
7811220070,593394.44
8091670030,353118.88
3438503045,254501.11
6388900710,476716.97
7956300020,182806.69
1775930440,474670.53
1762600190,958738.4
6600400260,215056.92
8728550150,565805.25
8155500110,642849.06
9169600135,438112.97
1777600490,671501.2
125059179,663023.2
7558700030,4500277.0
1702900624,304597.84
3343901403,516061.97
5101400994,348798.25
5547500050,266306.22
1705400350,337668.25
629810800,898838.25
4104900150,583986.94
7888000390,180411.06
4140900270,364432.34
6649900030,438823.0
820000012,429659.56
6151800080,399447.66
7454001060,279926.22
8682262330,413733.03
1566100010,431307.9
1180500070,398443.22
1112630130,389748.88
3101500090,415444.66
8682310220,643687.06
4032500035,478783.2
1623800440,539310.0
1088400190,223529.83
751000080,410489.84
6675500070,399948.9
2193340140,515800.7
522049074,357226.47
3204500340,245564.22
5104200470,475607.12
7517500611,723930.25
2946002140,244299.58
7631800110,1018978.75
3529300330,332018.44
3885801970,661940.3
5456000570,1075604.5
4123810090,360310.25
4037000635,537533.3
8079030350,467106.47
1726069060,718512.4
6858700225,233416.12
3356406510,223961.5
5423030040,613879.0
3111300040,447668.4
259800060,502756.84
1972202320,555057.4
5100403818,381295.53
1422700040,245871.42
3625049014,2615025.8
7852011040,584200.8
1201500010,723478.9
7195800009,303655.8
9407001320,266591.06
9508850100,638685.1
1328340380,263493.47
3885804305,1025829.4
7128300630,644134.7
7574000080,397075.72
3744000150,456983.56
2607720150,514424.22
7203190110,731146.75
3904902430,688736.5
11501160,777961.9
9209900315,476971.2
9465910030,567369.5
3622069103,711114.6
3288301010,476348.84
4395600060,824913.06
7694200380,337992.06
9552700550,704276.44
9264921110,280563.94
6738700225,919795.6
293620220,838899.0
7525300310,606975.3
3992700036,417218.66
3577300040,480622.72
3812400202,151173.69
2402100055,645632.9
1853080790,825390.75
1994200260,664075.56
1339300025,792173.25
7616200050,543653.9
4022902555,681974.4
9528102110,611221.0
6613001241,1749983.2
3205400240,339502.0
6065300840,1467443.1
7852040080,537256.06
1920079039,247192.05
2817910030,477148.16
1563102880,721721.56
8561200110,510898.2
629000605,1221330.8
2781270440,224306.7
6152900273,323428.1
3303950130,370720.34
6411600113,361744.97
4055700167,794740.75
291310310,523930.88
9523100550,797974.56
724069070,1093136.9
2408800120,353244.5
7559600200,643819.06
8165500790,367949.03
7856620870,851166.8
1588600040,378063.53
1023059246,479799.75
1938000140,772583.0
6061400160,363422.38
4167300350,237904.12
8649400790,294535.66
173000036,346548.9
225039049,588950.1
8043700300,2743729.5
3834000400,382040.25
4054530260,1559444.6
8724300010,683777.0
9358002232,382027.88
3298700012,246713.72
1125059071,1036802.6
3885805300,522486.38
5315100784,1125731.8
3861400030,805602.6
7202340010,626189.06
7272001805,327729.03
2781250230,326563.75
1042700300,836759.25
123039279,162726.62
3760500336,1332052.1
6979940100,774075.75
686300880,684940.0
5214500690,437819.75
6021502250,606795.94
1320069223,315408.12
2871000300,794374.75
2724069117,426542.84
1159400220,695989.75
2571900380,287680.34
5528600050,325567.4
7686202730,154052.77
2225059118,869854.7
2558630350,450420.28
3655400060,391927.5
9558200080,290763.2
1796100015,558573.8
3378900020,494248.16
5416500040,317832.5
8856004582,205236.5
3812400107,454533.9
6126601445,488811.06
2997800021,464892.4
1211000280,387032.75
766800090,256703.48
3224079005,287158.16
619000100,353186.22
4319200620,350169.75
626059335,492962.56
3340401570,334656.66
7015200800,651705.2
8106300510,509671.84
1446110020,445823.62
2872900280,650707.2
8965500320,753743.2
7853300070,500065.12
5652601455,676241.4
7579200915,1057238.6
2641400160,370521.0
203900460,369276.8
2998800040,629488.2
7519000170,525351.9
923000425,819648.8
2973800030,208144.11
6430500182,1030075.2
7304301010,370097.2
3861470110,2053287.2
2296500136,816116.25
6790950150,740188.0
8123100045,555210.94
3142600130,606434.94
7137970130,320461.25
8656800190,420832.34
7135300046,263017.97
3629960680,427821.25
1133000385,724231.3
1085621960,296940.0
9542802000,210637.62
8151600973,560073.25
7019000050,375409.12
6021501920,613269.8
7399300420,239865.4
7548300731,552574.0
5316100220,970683.75
5152600090,270375.62
1703400470,350121.0
7316400070,287603.53
5561300380,500378.56
2215450100,330240.88
8635750330,649086.44
9492500140,853909.25
5315100393,635067.6
8588000315,217142.75
7524200180,244567.89
4235400255,346233.75
326069131,605520.1
4077800026,913901.44
9477000120,361872.97
5608000590,991849.1
4137050130,291063.66
5249801440,490855.75
9264901510,252297.17
5437820250,206932.4
200500410,490673.7
9407111100,307714.66
126039252,390899.88
6141100255,452222.0
3013300830,360307.5
3271300955,857176.94
3021059276,267977.25
9542000050,710041.9
2769600035,790956.4
3824100364,473269.72
1726069202,332373.56
7327500270,312173.8
1189000207,424429.97
2472950160,271335.78
9558040050,540789.1
3438503120,360570.8
9407150240,274850.4
1370804295,637940.0
5700001100,611114.9
6837820030,396621.94
5411600210,796420.56
5061300030,278495.53
525069133,934493.25
2121000250,347644.56
3179100720,627287.7
2780700050,433249.2
1545805820,287468.06
5702380630,251003.61
9211010260,550787.75
7129300595,279147.78
6802200100,243802.44
3304030140,405620.8
2623039019,934492.4
104500730,207435.28
2924069132,598289.8
1775500310,643171.0
8114000040,310965.34
2011400021,407865.6
7525570020,685891.1
2917200615,417120.0
7697000170,288575.84
7871500070,841539.25
7215722010,515420.1
6300000378,493766.2
7159200005,2449737.0
8946410040,381283.2
3893100327,373763.0
635000009,891597.6
2322069116,467831.8
2760200050,306345.5
3432500210,293279.38
5700000245,568684.8
7588700177,351338.2
9178600135,679120.6
9830200475,442791.88
8562780160,326324.94
9826701665,552134.6
7504010900,639090.3
2770606915,434833.75
1254200075,608335.44
2473450430,408709.75
1433290010,409894.44
7586200061,373002.75
6841700070,573185.0
9826701320,462783.72
8943600720,285417.9
6791900260,770369.25
2301400640,727329.4
7979900210,332947.8
4037200665,417740.22
984000650,293992.9
2937300060,916423.75
8731982190,256895.25
1445200190,278466.3
952003285,744458.25
1402970020,386868.9
2487700274,396419.62
8113101670,395853.3
8682300400,618909.1
809002435,726244.0
4045900147,601287.1
2991000400,274453.56
9456200405,204628.88
5104510370,286459.3
9414610240,497962.62
2111010760,350922.62
1854900430,710319.56
2624300080,828780.9
3645100280,483035.6
1433100010,258633.47
9533600100,1125044.9
6743700030,567600.06
9294300070,648243.25
2114700540,245166.66
7853280550,727511.1
868000175,650735.75
1446401290,220958.48
9109000050,313444.34
8856004327,256636.42
2329800110,269056.88
3031200230,388469.0
7582700075,1615268.6
2422049104,146077.6
9274202885,577876.1
1770000090,429494.06
9500900430,241985.44
7305900082,345352.6
3336000170,354047.88
5680000455,742217.4
9808630210,916166.9
8807810110,408082.7
3824100211,419161.28
3423059153,529036.6
3937900120,475541.38
524059323,824026.94
4305600250,516508.06
1257201375,552701.5
853600150,1235496.4
2424059174,1463658.2
5205000400,305967.66
2658000115,204680.2
3055800020,282556.6
357000025,571044.5
5666300010,333006.56
4167700210,249359.47
9187200275,700151.9
2960900040,439631.03
1021049022,214122.28
7750500120,221240.61
7153200160,1186478.1
4406000390,243803.6
629800380,1324148.6
2026049125,317023.3
6117502230,1655309.2
3379100130,478706.5
2472920140,444884.97
7214720075,582641.25
1771110070,354624.0
5127001600,322704.97
6666860210,332449.34
5467200055,353005.06
7819000040,394882.06
3790700070,289338.62
6362900138,343921.25
597000593,349892.03
8032700070,628957.75
9301300215,1023075.25
8902500118,377320.44
6607000095,349590.84
2163900081,811123.1
7732500270,675955.1
3856903515,615709.44
2557000400,278283.94
4386700135,1898114.8
7399000360,342769.3
